cohort,variable,n,null_n,sentinel_n,explicit_unknown_or_not_performed_n,unavailable_n,unavailable_pct
full_raw,id_pacie,119449,0,0,0,0,0.0
full_raw,sexo,119449,0,0,0,0,0.0
full_raw,edad,119449,0,0,0,0,0.0
full_raw,raza,119449,71428,0,0,71428,59.79790538221334
full_raw,peso,119449,7,0,0,7,0.005860241609389781
full_raw,talla,119449,0,33840,0,33840,28.330082294535742
full_raw,tension_,119449,0,6114,0,6114,5.118502457115589
full_raw,fecha_di,119449,0,0,0,0,0.0
full_raw,f_alta_h,119449,50179,0,0,50179,42.00872338822426
full_raw,ant_inf,119449,29664,0,0,29664,24.834029585848356
full_raw,ant_isq,119449,29706,0,0,29706,24.86919103550469
full_raw,ant_clau,119449,30000,0,0,30000,25.115321183099066
full_raw,fum_act,119449,30876,0,0,30876,25.848688561645556
full_raw,diabetes,119449,29287,0,0,29287,24.518413716314075
full_raw,hip_art,119449,28050,0,0,28050,23.482825306197626
full_raw,insf_car,119449,2475,0,0,2475,2.072013997605673
full_raw,fibr_aur,119449,53577,0,0,53577,44.85345210089662
full_raw,trat_est,119449,30215,0,0,30215,25.295314318244603
full_raw,e_con_pp,119449,0,0,0,0,0.0
full_raw,e_con_cu,119449,0,0,0,0,0.0
full_raw,e_con_ec,119449,0,0,0,0,0.0
full_raw,e_con_lu,119449,0,0,0,0,0.0
full_raw,e_con_af,119449,0,0,0,0,0.0
full_raw,e_con_be,119449,0,0,0,0,0.0
full_raw,e_con_at,119449,0,0,0,0,0.0
full_raw,e_con_va,119449,0,0,0,0,0.0
full_raw,e_con_ar,119449,0,0,0,0,0.0
full_raw,e_con_ea,119449,0,0,0,0,0.0
full_raw,e_con_pr,119449,0,0,0,0,0.0
full_raw,e_con_ro,119449,0,0,0,0,0.0
full_raw,e_con_av,119449,0,0,0,0,0.0
full_raw,e_con_sm,119449,0,0,0,0,0.0
full_raw,sin_tvp_,119449,0,0,0,0,0.0
full_raw,var171,119449,7242,0,0,7242,6.062838533600114
full_raw,ep_tac,119449,27806,0,0,27806,23.278554027241753
full_raw,ep_tac_r,119449,57336,0,0,57336,48.00040184513893
full_raw,ep_tlss,119449,86159,0,0,86159,72.13036526048774
full_raw,ep_tls,119449,80645,0,0,80645,67.51416922703413
full_raw,ep_tll,119449,81425,0,0,81425,68.16716757779471
full_raw,ep_tlp,119449,83109,0,0,83109,69.57697427353934
full_raw,ep_tlce,119449,85719,0,0,85719,71.76200721646894
full_raw,eptacven,119449,112809,0,0,112809,94.44114224480741
full_raw,ep_t_reg,119449,98866,0,0,98866,82.76837813627573
full_raw,ep_ecoca,119449,39444,0,0,39444,33.02162429153865
full_raw,ep_ec_pr,119449,95750,0,0,95750,80.15973344272452
full_raw,ep_eco_p,119449,104478,0,0,104478,87.4666175522608
full_raw,ep_eco_v,119449,92975,0,0,92975,77.83656623328785
full_raw,var52,119449,94442,0,0,94442,79.06470543914139
full_raw,epecoddv,119449,115396,0,0,115396,96.60692010816332
full_raw,tvp_ecog,119449,14794,0,0,14794,12.385202052758917
full_raw,tvp_eco_,119449,32604,0,0,32604,27.295331061792062
full_raw,tv_l_esu,119449,68306,0,0,68306,57.184237624425485
full_raw,tvp_orig,119449,113851,0,0,113851,95.31348106723372
full_raw,tvpocatt,119449,116931,0,0,116931,97.89198737536522
full_raw,tvpocaef,119449,117693,0,0,117693,98.52991653341594
full_raw,tv_l_ein,119449,37067,0,0,37067,31.031653676464433
full_raw,tvp_prox,119449,51588,0,0,51588,43.18830630645715
full_raw,tv_l_vil,119449,114875,0,0,114875,96.17075069695017
full_raw,tv_l_vfe,119449,114702,0,0,114702,96.02591901146096
full_raw,tv_l_vpp,119449,114700,0,0,114700,96.02424465671542
full_raw,tv_l_vpo,119449,79907,0,0,79907,66.89633232592989
full_raw,tv_l_vme,119449,80134,0,0,80134,67.08637158954868
full_raw,tv_l_ves,119449,80239,0,0,80239,67.17427521368953
full_raw,tv_l_svc,119449,80779,0,0,80779,67.6263509949853
full_raw,tv_l_vre,119449,83486,0,0,83486,69.89259014307362
full_raw,tv_l_vrt,119449,118672,0,0,118672,99.34951318135774
full_raw,tv_l_vrp,119449,118699,0,0,118699,99.37211697042252
full_raw,tv_l_vrn,119449,83186,0,0,83186,69.64143693124262
full_raw,tv_l_vca,119449,97884,0,0,97884,81.94626995621562
full_raw,tv_l_yug,119449,98345,0,0,98345,82.33220872506259
full_raw,tv_l_ova,119449,98552,0,0,98552,82.50550444122597
full_raw,tv_l_sup,119449,98489,0,0,98489,82.45276226674146
full_raw,tv_l_pul,119449,98497,0,0,98497,82.45945968572362
full_raw,tv_l_ove,119449,83161,0,0,83161,69.62050749692338
full_raw,fr_cance,119449,1,0,0,1,0.0008371773727699688
full_raw,fr_can_l,119449,89928,0,0,89928,75.28568677845774
full_raw,fr_can_e,119449,92053,0,0,92053,77.06468869559393
full_raw,metacere,119449,118415,0,0,118415,99.13435859655586
full_raw,fr_cirug,119449,1,0,0,1,0.0008371773727699688
full_raw,fr_inmov,119449,1,0,0,1,0.0008371773727699688
full_raw,fr_inm_m,119449,92184,0,0,92184,77.1743589314268
full_raw,fr_inm_t,119449,92803,0,0,92803,77.6925717251714
full_raw,fr_tvp_a,119449,1,0,0,1,0.0008371773727699688
full_raw,fr_tvp_p,119449,103895,0,0,103895,86.97854314393591
full_raw,fr_antfa,119449,74794,0,0,74794,62.615844418957046
full_raw,fr_antgr,119449,116770,0,0,116770,97.75720181834924
full_raw,fr_tvs_a,119449,58014,0,0,58014,48.56800810387697
full_raw,fr_viaje,119449,3832,0,0,3832,3.20806369245452
full_raw,fr_estro,119449,3820,0,0,3820,3.1980175639812805
full_raw,fr_est_m,119449,113086,0,0,113086,94.6730403770647
full_raw,fr_est_v,119449,113798,0,0,113798,95.2691106664769
full_raw,fr_embar,119449,0,0,0,0,0.0
full_raw,fr_emb_s,119449,118774,0,0,118774,99.43490527338027
full_raw,fr_varic,119449,10427,0,0,10427,8.729248465872464
full_raw,fr_antec,119449,536,0,0,536,0.4487270718047032
full_raw,ana_hemo,119449,252,0,0,252,0.2109686979380321
full_raw,ana_leuc,119449,281,0,0,281,0.23524684174836122
full_raw,ana_neu,119449,94367,0,0,94367,79.00191713618364
full_raw,ana_plaq,119449,262,0,0,262,0.2193404716657318
full_raw,ana_dime,119449,14686,0,26709,41395,34.65495734581286
full_raw,ddunidad,119449,43838,0,0,43838,36.700181667489886
full_raw,var130,119449,58135,0,0,58135,48.66930656598213
full_raw,ddvalmcg,119449,105290,0,0,105290,88.14640557895001
full_raw,protcrea,119449,115629,0,0,115629,96.80198243601872
full_raw,ana_crea,119449,5915,0,0,5915,4.951904159934365
full_raw,var139,119449,102615,0,0,102615,85.90695610679035
full_raw,ana_trop,119449,80285,0,0,80285,67.21278537283695
full_raw,var141,119449,106595,0,0,106595,89.23892205041483
full_raw,ana_port,119449,16880,0,0,16880,14.131554052357073
full_raw,ana_dura,119449,60791,0,0,60791,50.89284966805917
full_raw,var154,119449,88413,0,0,88413,74.01736305871125
full_raw,var155,119449,88373,0,0,88373,73.98387596380044
full_raw,var158,119449,88355,0,0,88355,73.96880677109058
full_raw,var156,119449,88050,0,0,88050,73.71346767239575
full_raw,var159,119449,88540,0,0,88540,74.12368458505304
full_raw,var160,119449,88356,0,0,88356,73.96964394846336
full_raw,var161,119449,87978,0,0,87978,73.65319090155631
full_raw,var157,119449,88312,0,0,88312,73.93280814406148
full_raw,andujak2,119449,117203,0,0,117203,98.11969962075865
full_raw,var162,119449,89224,0,0,89224,74.69631390802769
full_raw,anadutip,119449,116131,0,0,116131,97.22224547714924
full_raw,evn_fina,119449,0,0,0,0,0.0
full_raw,evn_defu,119449,4,0,0,4,0.003348709491079875
full_raw,evn_def_,119449,101250,0,0,101250,84.76420899295934
full_raw,var181,119449,101250,0,2311,103561,86.69892590143074
full_raw,evn_reci,119449,5,0,0,5,0.004185886863849844
full_raw,evn_rec_,119449,111999,0,0,111999,93.76302857286373
full_raw,var186,119449,111999,0,0,111999,93.76302857286373
full_raw,evn_rec2,119449,118091,0,0,118091,98.86311312777838
full_raw,evn_re2f,119449,118876,0,0,118876,99.52029736540281
full_raw,e_rec2_t,119449,118972,0,0,118972,99.60066639318873
full_raw,evn_rec3,119449,119316,0,0,119316,99.88865540942159
full_raw,evn_re3f,119449,119384,0,0,119384,99.94558347076995
full_raw,e_rec3_t,119449,119384,0,0,119384,99.94558347076995
full_raw,evn_rec4,119449,119428,0,0,119428,99.98241927517184
full_raw,evn_re4f,119449,119433,0,0,119433,99.98660516203569
full_raw,e_rec4_t,119449,119433,0,0,119433,99.98660516203569
full_raw,evn_hemo,119449,6,0,0,6,0.005023064236619813
full_raw,var194,119449,110487,0,0,110487,92.49721638523553
full_raw,var195,119449,110487,0,0,110487,92.49721638523553
full_raw,var196,119449,110487,0,0,110487,92.49721638523553
full_raw,evn_hem2,119449,117333,0,0,117333,98.22853267921874
full_raw,e_h2_fec,119449,118312,0,0,118312,99.04812932716055
full_raw,ev_hm2_f,119449,118314,0,0,118314,99.04980368190608
full_raw,ev_hm2_l,119449,118503,0,0,118503,99.2080302053596
full_raw,evn_hem3,119449,119157,0,0,119157,99.75554420715117
full_raw,e_h3_fec,119449,119248,0,0,119248,99.83172734807324
full_raw,ev_hm3_f,119449,119248,0,0,119248,99.83172734807324
full_raw,ev_hm3_l,119449,119254,0,0,119254,99.83675041230985
full_raw,evn_hem4,119449,119380,0,0,119380,99.94223476127887
full_raw,e_h4_fec,119449,119406,0,0,119406,99.96400137297088
full_raw,ev_hm4_f,119449,119406,0,0,119406,99.96400137297088
full_raw,ev_hm4_l,119449,119408,0,0,119408,99.96567572771643
full_raw,eisq_art,119449,35416,0,0,35416,29.64947383402121
full_raw,eisq_inf,119449,118204,0,0,118204,98.95771417090138
full_raw,eisqfinf,119449,119079,0,0,119079,99.69024437207511
full_raw,eisq_ang,119449,118341,0,0,118341,99.07240747097087
full_raw,eisqfang,119449,119340,0,0,119340,99.90874766636807
full_raw,eisq_cer,119449,118166,0,0,118166,98.92590143073613
full_raw,eisqfcer,119449,118701,0,0,118701,99.37379132516806
full_raw,eisq_ei,119449,118392,0,0,118392,99.11510351698215
full_raw,eisq_fei,119449,119349,0,0,119349,99.916282262723
full_raw,eisq_ol,119449,118608,0,0,118608,99.29593382950046
full_raw,eisq_fol,119449,119166,0,0,119166,99.7630788035061
full_raw,seco,119449,99294,0,0,99294,83.12669005182129
full_raw,secopri,119449,105622,0,0,105622,88.42434846670965
full_raw,f_secop,119449,105965,0,0,105965,88.71150030556974
full_raw,secopres,119449,106018,0,0,106018,88.75587070632655
tested_raw,id_pacie,22874,0,0,0,0,0.0
tested_raw,sexo,22874,0,0,0,0,0.0
tested_raw,edad,22874,0,0,0,0,0.0
tested_raw,raza,22874,13433,0,0,13433,58.72606452741104
tested_raw,peso,22874,0,0,0,0,0.0
tested_raw,talla,22874,0,5107,0,5107,22.32665908892192
tested_raw,tension_,22874,0,1036,0,1036,4.529159744688292
tested_raw,fecha_di,22874,0,0,0,0,0.0
tested_raw,f_alta_h,22874,10509,0,0,10509,45.942992043368015
tested_raw,ant_inf,22874,5471,0,0,5471,23.917985485704293
tested_raw,ant_isq,22874,5483,0,0,5483,23.970446795488325
tested_raw,ant_clau,22874,5498,0,0,5498,24.03602343271837
tested_raw,fum_act,22874,5651,0,0,5651,24.70490513246481
tested_raw,diabetes,22874,5445,0,0,5445,23.804319314505552
tested_raw,hip_art,22874,5289,0,0,5289,23.122322287313107
tested_raw,insf_car,22874,186,0,0,186,0.8131503016525312
tested_raw,fibr_aur,22874,11585,0,0,11585,50.647022820669754
tested_raw,trat_est,22874,5555,0,0,5555,24.285214654192533
tested_raw,e_con_pp,22874,0,0,0,0,0.0
tested_raw,e_con_cu,22874,0,0,0,0,0.0
tested_raw,e_con_ec,22874,0,0,0,0,0.0
tested_raw,e_con_lu,22874,0,0,0,0,0.0
tested_raw,e_con_af,22874,0,0,0,0,0.0
tested_raw,e_con_be,22874,0,0,0,0,0.0
tested_raw,e_con_at,22874,0,0,0,0,0.0
tested_raw,e_con_va,22874,0,0,0,0,0.0
tested_raw,e_con_ar,22874,0,0,0,0,0.0
tested_raw,e_con_ea,22874,0,0,0,0,0.0
tested_raw,e_con_pr,22874,0,0,0,0,0.0
tested_raw,e_con_ro,22874,0,0,0,0,0.0
tested_raw,e_con_av,22874,0,0,0,0,0.0
tested_raw,e_con_sm,22874,0,0,0,0,0.0
tested_raw,sin_tvp_,22874,0,0,0,0,0.0
tested_raw,var171,22874,1007,0,0,1007,4.402378246043543
tested_raw,ep_tac,22874,5402,0,0,5402,23.616332954446094
tested_raw,ep_tac_r,22874,11753,0,0,11753,51.381481157646235
tested_raw,ep_tlss,22874,16981,0,0,16981,74.23712512022384
tested_raw,ep_tls,22874,16078,0,0,16078,70.28941155897526
tested_raw,ep_tll,22874,16123,0,0,16123,70.48614147066539
tested_raw,ep_tlp,22874,16272,0,0,16272,71.13753606715048
tested_raw,ep_tlce,22874,16703,0,0,16703,73.02177144356038
tested_raw,eptacven,22874,21624,0,0,21624,94.53528023082977
tested_raw,ep_t_reg,22874,18866,0,0,18866,82.47792253213255
tested_raw,ep_ecoca,22874,6938,0,0,6938,30.331380606802483
tested_raw,ep_ec_pr,22874,17631,0,0,17631,77.07877940019236
tested_raw,ep_eco_p,22874,19415,0,0,19415,84.87802745475213
tested_raw,ep_eco_v,22874,16851,0,0,16851,73.66879426423013
tested_raw,var52,22874,17094,0,0,17094,74.73113578735683
tested_raw,epecoddv,22874,22054,0,0,22054,96.41514383142432
tested_raw,tvp_ecog,22874,1931,0,0,1931,8.441899099414183
tested_raw,tvp_eco_,22874,4790,0,0,4790,20.940806155460347
tested_raw,tv_l_esu,22874,12878,0,0,12878,56.29972894989945
tested_raw,tvp_orig,22874,21831,0,0,21831,95.44023782460435
tested_raw,tvpocatt,22874,22619,0,0,22619,98.88519716708927
tested_raw,tvpocaef,22874,22462,0,0,22462,98.19882836408149
tested_raw,tv_l_ein,22874,5943,0,0,5943,25.981463670542976
tested_raw,tvp_prox,22874,8947,0,0,8947,39.11427821981289
tested_raw,tv_l_vil,22874,22024,0,0,22024,96.28399055696424
tested_raw,tv_l_vfe,22874,22004,0,0,22004,96.19655504065751
tested_raw,tv_l_vpp,22874,22001,0,0,22001,96.1834397132115
tested_raw,tv_l_vpo,22874,14557,0,0,14557,63.639940543848915
tested_raw,tv_l_vme,22874,14589,0,0,14589,63.77983736993967
tested_raw,tv_l_ves,22874,14599,0,0,14599,63.823555128093034
tested_raw,tv_l_svc,22874,14703,0,0,14703,64.278219812888
tested_raw,tv_l_vre,22874,15458,0,0,15458,67.57891055346683
tested_raw,tv_l_vrt,22874,22527,0,0,22527,98.48299379207835
tested_raw,tv_l_vrp,22874,22534,0,0,22534,98.5135962227857
tested_raw,tv_l_vrn,22874,15398,0,0,15398,67.31660400454665
tested_raw,tv_l_vca,22874,18965,0,0,18965,82.91072833785084
tested_raw,tv_l_yug,22874,19094,0,0,19094,83.4746874180292
tested_raw,tv_l_ova,22874,19109,0,0,19109,83.54026405525926
tested_raw,tv_l_sup,22874,19099,0,0,19099,83.4965462971059
tested_raw,tv_l_pul,22874,19104,0,0,19104,83.51840517618257
tested_raw,tv_l_ove,22874,15418,0,0,15418,67.40403952085337
tested_raw,fr_cance,22874,0,0,0,0,0.0
tested_raw,fr_can_l,22874,20203,0,0,20203,88.32298679723704
tested_raw,fr_can_e,22874,20369,0,0,20369,89.04870158258285
tested_raw,metacere,22874,22816,0,0,22816,99.7464370027105
tested_raw,fr_cirug,22874,0,0,0,0,0.0
tested_raw,fr_inmov,22874,0,0,0,0,0.0
tested_raw,fr_inm_m,22874,18513,0,0,18513,80.93468566931887
tested_raw,fr_inm_t,22874,18582,0,0,18582,81.23633820057708
tested_raw,fr_tvp_a,22874,0,0,0,0,0.0
tested_raw,fr_tvp_p,22874,19883,0,0,19883,86.92401853632946
tested_raw,fr_antfa,22874,15845,0,0,15845,69.27078779400192
tested_raw,fr_antgr,22874,21975,0,0,21975,96.06977354201277
tested_raw,fr_tvs_a,22874,12323,0,0,12323,53.873393372387866
tested_raw,fr_viaje,22874,395,0,0,395,1.7268514470577951
tested_raw,fr_estro,22874,284,0,0,284,1.2415843315554778
tested_raw,fr_est_m,22874,20330,0,0,20330,88.87820232578474
tested_raw,fr_est_v,22874,20634,0,0,20634,90.20722217364694
tested_raw,fr_embar,22874,0,0,0,0,0.0
tested_raw,fr_emb_s,22874,22558,0,0,22558,98.61851884235377
tested_raw,fr_varic,22874,816,0,0,816,3.5673690653143306
tested_raw,fr_antec,22874,94,0,0,94,0.41094692664160176
tested_raw,ana_hemo,22874,38,0,0,38,0.16612748098277522
tested_raw,ana_leuc,22874,38,0,0,38,0.16612748098277522
tested_raw,ana_neu,22874,18945,0,0,18945,82.82329282154411
tested_raw,ana_plaq,22874,37,0,0,37,0.161755705167439
tested_raw,ana_dime,22874,1603,0,5064,6667,29.146629360846376
tested_raw,ddunidad,22874,7183,0,0,7183,31.40246568155985
tested_raw,var130,22874,10187,0,0,10187,44.53528023082976
tested_raw,ddvalmcg,22874,19884,0,0,19884,86.9283903121448
tested_raw,protcrea,22874,22220,0,0,22220,97.14085861677013
tested_raw,ana_crea,22874,754,0,0,754,3.2963189647634867
tested_raw,var139,22874,20750,0,0,20750,90.71434816822594
tested_raw,ana_trop,22874,15169,0,0,15169,66.31546734283465
tested_raw,var141,22874,20969,0,0,20969,91.67176707178456
tested_raw,ana_port,22874,1818,0,0,1818,7.947888432281193
tested_raw,ana_dura,22874,0,0,0,0,0.0
tested_raw,var154,22874,12599,0,0,12599,55.08000349742065
tested_raw,var155,22874,12559,0,0,12559,54.9051324648072
tested_raw,var158,22874,12541,0,0,12541,54.826440500131156
tested_raw,var156,22874,12236,0,0,12236,53.49304887645362
tested_raw,var159,22874,12726,0,0,12726,55.635219025968354
tested_raw,var160,22874,12542,0,0,12542,54.83081227594649
tested_raw,var161,22874,12164,0,0,12164,53.178281017749406
tested_raw,var157,22874,12498,0,0,12498,54.6384541400717
tested_raw,andujak2,22874,20628,0,0,20628,90.18099151875492
tested_raw,var162,22874,13410,0,0,13410,58.625513683658305
tested_raw,anadutip,22874,19556,0,0,19556,85.49444784471453
tested_raw,evn_fina,22874,0,0,0,0,0.0
tested_raw,evn_defu,22874,1,0,0,1,0.00437177581533619
tested_raw,evn_def_,22874,21534,0,0,21534,94.1418204074495
tested_raw,var181,22874,21534,0,210,21744,95.05989332867011
tested_raw,evn_reci,22874,1,0,0,1,0.00437177581533619
tested_raw,evn_rec_,22874,20706,0,0,20706,90.52199003235114
tested_raw,var186,22874,20706,0,0,20706,90.52199003235114
tested_raw,evn_rec2,22874,22476,0,0,22476,98.2600332254962
tested_raw,evn_re2f,22874,22683,0,0,22683,99.1649908192708
tested_raw,e_rec2_t,22874,22707,0,0,22707,99.26991343883886
tested_raw,evn_rec3,22874,22832,0,0,22832,99.81638541575589
tested_raw,evn_re3f,22874,22852,0,0,22852,99.9038209320626
tested_raw,e_rec3_t,22874,22852,0,0,22852,99.9038209320626
tested_raw,evn_rec4,22874,22866,0,0,22866,99.96502579347731
tested_raw,evn_re4f,22874,22869,0,0,22869,99.97814112092331
tested_raw,e_rec4_t,22874,22869,0,0,22869,99.97814112092331
tested_raw,evn_hemo,22874,1,0,0,1,0.00437177581533619
tested_raw,var194,22874,21481,0,0,21481,93.91011628923668
tested_raw,var195,22874,21481,0,0,21481,93.91011628923668
tested_raw,var196,22874,21481,0,0,21481,93.91011628923668
tested_raw,evn_hem2,22874,22516,0,0,22516,98.43490425810964
tested_raw,e_h2_fec,22874,22669,0,0,22669,99.10378595785609
tested_raw,ev_hm2_f,22874,22670,0,0,22670,99.10815773367142
tested_raw,ev_hm2_l,22874,22709,0,0,22709,99.27865699046953
tested_raw,evn_hem3,22874,22814,0,0,22814,99.73769345107983
tested_raw,e_h3_fec,22874,22835,0,0,22835,99.82950074320189
tested_raw,ev_hm3_f,22874,22835,0,0,22835,99.82950074320189
tested_raw,ev_hm3_l,22874,22836,0,0,22836,99.83387251901722
tested_raw,evn_hem4,22874,22860,0,0,22860,99.93879513858529
tested_raw,e_h4_fec,22874,22864,0,0,22864,99.95628224184664
tested_raw,ev_hm4_f,22874,22864,0,0,22864,99.95628224184664
tested_raw,ev_hm4_l,22874,22865,0,0,22865,99.96065401766198
tested_raw,eisq_art,22874,5431,0,0,5431,23.743114453090847
tested_raw,eisq_inf,22874,22641,0,0,22641,98.98137623502666
tested_raw,eisqfinf,22874,22797,0,0,22797,99.66337326221911
tested_raw,eisq_ang,22874,22661,0,0,22661,99.0688117513334
tested_raw,eisqfang,22874,22846,0,0,22846,99.8775902771706
tested_raw,eisq_cer,22874,22630,0,0,22630,98.93328670105797
tested_raw,eisqfcer,22874,22748,0,0,22748,99.44915624726764
tested_raw,eisq_ei,22874,22666,0,0,22666,99.09067063041007
tested_raw,eisq_fei,22874,22850,0,0,22850,99.89507738043193
tested_raw,eisq_ol,22874,22695,0,0,22695,99.21745212905482
tested_raw,eisq_fol,22874,22813,0,0,22813,99.73332167526449
tested_raw,seco,22874,16277,0,0,16277,71.15939494622717
tested_raw,secopri,22874,18202,0,0,18202,79.57506339074932
tested_raw,f_secop,22874,18496,0,0,18496,80.86036548045816
tested_raw,secopres,22874,18502,0,0,18502,80.88659613535017
slim_tested,id_pacie,22115,0,0,0,0,0.0
slim_tested,ana_dura,22115,0,0,0,0,0.0
slim_tested,sexo,22115,0,0,0,0,0.0
slim_tested,edad,22115,0,0,0,0,0.0
slim_tested,raza,22115,0,0,13279,13279,60.04521817770744
slim_tested,peso,22115,0,0,0,0,0.0
slim_tested,talla,22115,4966,0,0,4966,22.455347049513904
slim_tested,tension_,22115,1001,0,0,1001,4.526339588514583
slim_tested,ant_inf,22115,0,0,0,0,0.0
slim_tested,ant_isq,22115,0,0,0,0,0.0
slim_tested,ant_clau,22115,0,0,0,0,0.0
slim_tested,fum_act,22115,0,0,0,0,0.0
slim_tested,diabetes,22115,0,0,0,0,0.0
slim_tested,hip_art,22115,0,0,0,0,0.0
slim_tested,insf_car,22115,0,0,0,0,0.0
slim_tested,fibr_aur,22115,0,0,0,0,0.0
slim_tested,trat_est,22115,0,0,0,0,0.0
slim_tested,e_con_pp,22115,0,0,0,0,0.0
slim_tested,e_con_cu,22115,0,0,0,0,0.0
slim_tested,e_con_ec,22115,0,0,0,0,0.0
slim_tested,e_con_lu,22115,0,0,0,0,0.0
slim_tested,e_con_af,22115,0,0,0,0,0.0
slim_tested,e_con_be,22115,0,0,0,0,0.0
slim_tested,e_con_at,22115,0,0,0,0,0.0
slim_tested,e_con_va,22115,0,0,0,0,0.0
slim_tested,e_con_ar,22115,0,0,0,0,0.0
slim_tested,e_con_ea,22115,0,0,0,0,0.0
slim_tested,e_con_pr,22115,0,0,0,0,0.0
slim_tested,e_con_ro,22115,0,0,0,0,0.0
slim_tested,e_con_av,22115,0,0,0,0,0.0
slim_tested,e_con_sm,22115,0,0,0,0,0.0
slim_tested,sin_tvp_,22115,0,0,0,0,0.0
slim_tested,var171,22115,0,0,0,0,0.0
slim_tested,tv_l_esu,22115,0,0,0,0,0.0
slim_tested,tvp_orig,22115,0,0,21109,21109,95.4510513226317
slim_tested,tv_l_ein,22115,0,0,0,0,0.0
slim_tested,tvp_prox,22115,0,0,8570,8570,38.751978295274704
slim_tested,tv_l_vpo,22115,0,0,0,0,0.0
slim_tested,tv_l_vme,22115,0,0,0,0,0.0
slim_tested,tv_l_ves,22115,0,0,0,0,0.0
slim_tested,tv_l_svc,22115,0,0,0,0,0.0
slim_tested,tv_l_vre,22115,0,0,0,0,0.0
slim_tested,tv_l_vrn,22115,0,0,0,0,0.0
slim_tested,tv_l_vca,22115,0,0,0,0,0.0
slim_tested,tv_l_yug,22115,0,0,0,0,0.0
slim_tested,tv_l_ova,22115,0,0,0,0,0.0
slim_tested,tv_l_sup,22115,0,0,0,0,0.0
slim_tested,tv_l_pul,22115,0,0,0,0,0.0
slim_tested,tv_l_ove,22115,0,0,0,0,0.0
slim_tested,fr_cance,22115,0,0,0,0,0.0
slim_tested,fr_cirug,22115,0,0,0,0,0.0
slim_tested,fr_inmov,22115,0,0,0,0,0.0
slim_tested,fr_tvp_a,22115,0,0,0,0,0.0
slim_tested,fr_antfa,22115,0,0,0,0,0.0
slim_tested,fr_tvs_a,22115,0,0,0,0,0.0
slim_tested,fr_viaje,22115,0,0,0,0,0.0
slim_tested,fr_estro,22115,0,0,0,0,0.0
slim_tested,fr_embar,22115,0,0,0,0,0.0
slim_tested,fr_varic,22115,0,0,0,0,0.0
slim_tested,fr_antec,22115,0,0,0,0,0.0
slim_tested,ana_hemo,22115,37,0,0,37,0.16730725751752204
slim_tested,ana_leuc,22115,37,0,0,37,0.16730725751752204
slim_tested,ana_neu,22115,18766,0,0,18766,84.85643228577888
slim_tested,ana_plaq,22115,37,0,0,37,0.16730725751752204
slim_tested,ana_dime,22115,0,0,6495,6495,29.369206420981236
slim_tested,protcrea,22115,22115,0,0,22115,100.0
slim_tested,ana_crea,22115,0,0,736,736,3.3280578792674653
slim_tested,ana_trop,22115,0,0,14785,14785,66.85507574044766
slim_tested,evn_defu,22115,0,0,0,0,0.0
slim_tested,evn_reci,22115,0,0,0,0,0.0
slim_tested,evn_rec2,22115,0,0,0,0,0.0
slim_tested,evn_rec3,22115,0,0,0,0,0.0
slim_tested,evn_rec4,22115,0,0,0,0,0.0
slim_tested,evn_hemo,22115,0,0,0,0,0.0
slim_tested,evn_hem2,22115,0,0,0,0,0.0
slim_tested,evn_hem3,22115,0,0,0,0,0.0
slim_tested,evn_hem4,22115,0,0,0,0,0.0
slim_tested,eisq_art,22115,0,0,0,0,0.0
slim_tested,eisq_inf,22115,0,0,0,0,0.0
slim_tested,eisq_ang,22115,0,0,0,0,0.0
slim_tested,eisq_cer,22115,0,0,0,0,0.0
slim_tested,eisq_ei,22115,0,0,0,0,0.0
slim_tested,eisq_ol,22115,0,0,0,0,0.0
