outcome,variable,selected,imputation
andujak2,sexo,False,1
andujak2,raza,True,1
andujak2,ant_inf,False,1
andujak2,ant_isq,False,1
andujak2,ant_clau,True,1
andujak2,fum_act,False,1
andujak2,diabetes,False,1
andujak2,hip_art,True,1
andujak2,insf_car,False,1
andujak2,fibr_aur,True,1
andujak2,trat_est,False,1
andujak2,e_con_pp,False,1
andujak2,e_con_cu,False,1
andujak2,e_con_ec,True,1
andujak2,e_con_lu,False,1
andujak2,e_con_be,False,1
andujak2,e_con_va,False,1
andujak2,e_con_ar,False,1
andujak2,e_con_ea,False,1
andujak2,e_con_pr,False,1
andujak2,e_con_av,False,1
andujak2,e_con_sm,False,1
andujak2,sin_tvp_,False,1
andujak2,var171,False,1
andujak2,tv_l_esu,False,1
andujak2,tvp_orig,False,1
andujak2,tv_l_ein,False,1
andujak2,tvp_prox,False,1
andujak2,tv_l_svc,False,1
andujak2,tv_l_vre,False,1
andujak2,tv_l_vrn,False,1
andujak2,tv_l_vca,False,1
andujak2,tv_l_yug,True,1
andujak2,tv_l_ova,False,1
andujak2,tv_l_sup,False,1
andujak2,tv_l_pul,False,1
andujak2,tv_l_ove,False,1
andujak2,fr_cance,False,1
andujak2,fr_cirug,False,1
andujak2,fr_inmov,False,1
andujak2,fr_tvp_a,False,1
andujak2,fr_antfa,False,1
andujak2,fr_tvs_a,False,1
andujak2,fr_viaje,False,1
andujak2,fr_estro,False,1
andujak2,fr_embar,False,1
andujak2,fr_varic,False,1
andujak2,fr_antec,False,1
andujak2,ana_dime,False,1
andujak2,ana_crea,True,1
andujak2,ana_trop,False,1
andujak2,edad,True,1
andujak2,peso,False,1
andujak2,tension_,False,1
andujak2,ana_hemo,True,1
andujak2,ana_plaq,True,1
andujak2,ana_leuc,True,1
andujak2,ana_neu,False,1
andujak2,protcrea,False,1
andujak2,splanchnic,True,1
andujak2,sexo,False,2
andujak2,raza,True,2
andujak2,ant_inf,False,2
andujak2,ant_isq,False,2
andujak2,ant_clau,True,2
andujak2,fum_act,False,2
andujak2,diabetes,False,2
andujak2,hip_art,True,2
andujak2,insf_car,False,2
andujak2,fibr_aur,True,2
andujak2,trat_est,False,2
andujak2,e_con_pp,False,2
andujak2,e_con_cu,False,2
andujak2,e_con_ec,True,2
andujak2,e_con_lu,False,2
andujak2,e_con_be,False,2
andujak2,e_con_va,False,2
andujak2,e_con_ar,False,2
andujak2,e_con_ea,False,2
andujak2,e_con_pr,False,2
andujak2,e_con_av,False,2
andujak2,e_con_sm,False,2
andujak2,sin_tvp_,False,2
andujak2,var171,False,2
andujak2,tv_l_esu,False,2
andujak2,tvp_orig,False,2
andujak2,tv_l_ein,True,2
andujak2,tvp_prox,False,2
andujak2,tv_l_svc,False,2
andujak2,tv_l_vre,False,2
andujak2,tv_l_vrn,False,2
andujak2,tv_l_vca,False,2
andujak2,tv_l_yug,False,2
andujak2,tv_l_ova,False,2
andujak2,tv_l_sup,False,2
andujak2,tv_l_pul,False,2
andujak2,tv_l_ove,False,2
andujak2,fr_cance,True,2
andujak2,fr_cirug,False,2
andujak2,fr_inmov,False,2
andujak2,fr_tvp_a,False,2
andujak2,fr_antfa,False,2
andujak2,fr_tvs_a,False,2
andujak2,fr_viaje,False,2
andujak2,fr_estro,False,2
andujak2,fr_embar,False,2
andujak2,fr_varic,False,2
andujak2,fr_antec,False,2
andujak2,ana_dime,False,2
andujak2,ana_crea,True,2
andujak2,ana_trop,False,2
andujak2,edad,True,2
andujak2,peso,False,2
andujak2,tension_,False,2
andujak2,ana_hemo,True,2
andujak2,ana_plaq,True,2
andujak2,ana_leuc,True,2
andujak2,ana_neu,False,2
andujak2,protcrea,True,2
andujak2,splanchnic,True,2
andujak2,sexo,False,3
andujak2,raza,True,3
andujak2,ant_inf,False,3
andujak2,ant_isq,True,3
andujak2,ant_clau,True,3
andujak2,fum_act,False,3
andujak2,diabetes,False,3
andujak2,hip_art,True,3
andujak2,insf_car,False,3
andujak2,fibr_aur,True,3
andujak2,trat_est,False,3
andujak2,e_con_pp,False,3
andujak2,e_con_cu,False,3
andujak2,e_con_ec,True,3
andujak2,e_con_lu,False,3
andujak2,e_con_be,False,3
andujak2,e_con_va,False,3
andujak2,e_con_ar,False,3
andujak2,e_con_ea,False,3
andujak2,e_con_pr,False,3
andujak2,e_con_av,False,3
andujak2,e_con_sm,False,3
andujak2,sin_tvp_,False,3
andujak2,var171,False,3
andujak2,tv_l_esu,False,3
andujak2,tvp_orig,False,3
andujak2,tv_l_ein,False,3
andujak2,tvp_prox,False,3
andujak2,tv_l_svc,False,3
andujak2,tv_l_vre,False,3
andujak2,tv_l_vrn,False,3
andujak2,tv_l_vca,False,3
andujak2,tv_l_yug,True,3
andujak2,tv_l_ova,False,3
andujak2,tv_l_sup,False,3
andujak2,tv_l_pul,False,3
andujak2,tv_l_ove,False,3
andujak2,fr_cance,True,3
andujak2,fr_cirug,False,3
andujak2,fr_inmov,False,3
andujak2,fr_tvp_a,False,3
andujak2,fr_antfa,False,3
andujak2,fr_tvs_a,False,3
andujak2,fr_viaje,False,3
andujak2,fr_estro,False,3
andujak2,fr_embar,False,3
andujak2,fr_varic,False,3
andujak2,fr_antec,False,3
andujak2,ana_dime,False,3
andujak2,ana_crea,True,3
andujak2,ana_trop,False,3
andujak2,edad,True,3
andujak2,peso,False,3
andujak2,tension_,True,3
andujak2,ana_hemo,True,3
andujak2,ana_plaq,True,3
andujak2,ana_leuc,False,3
andujak2,ana_neu,True,3
andujak2,protcrea,False,3
andujak2,splanchnic,True,3
andujak2,sexo,False,4
andujak2,raza,True,4
andujak2,ant_inf,False,4
andujak2,ant_isq,False,4
andujak2,ant_clau,False,4
andujak2,fum_act,False,4
andujak2,diabetes,False,4
andujak2,hip_art,True,4
andujak2,insf_car,False,4
andujak2,fibr_aur,True,4
andujak2,trat_est,False,4
andujak2,e_con_pp,False,4
andujak2,e_con_cu,False,4
andujak2,e_con_ec,True,4
andujak2,e_con_lu,False,4
andujak2,e_con_be,False,4
andujak2,e_con_va,False,4
andujak2,e_con_ar,False,4
andujak2,e_con_ea,False,4
andujak2,e_con_pr,False,4
andujak2,e_con_av,False,4
andujak2,e_con_sm,False,4
andujak2,sin_tvp_,False,4
andujak2,var171,False,4
andujak2,tv_l_esu,False,4
andujak2,tvp_orig,True,4
andujak2,tv_l_ein,False,4
andujak2,tvp_prox,False,4
andujak2,tv_l_svc,False,4
andujak2,tv_l_vre,False,4
andujak2,tv_l_vrn,False,4
andujak2,tv_l_vca,False,4
andujak2,tv_l_yug,False,4
andujak2,tv_l_ova,False,4
andujak2,tv_l_sup,True,4
andujak2,tv_l_pul,False,4
andujak2,tv_l_ove,False,4
andujak2,fr_cance,False,4
andujak2,fr_cirug,False,4
andujak2,fr_inmov,False,4
andujak2,fr_tvp_a,False,4
andujak2,fr_antfa,False,4
andujak2,fr_tvs_a,False,4
andujak2,fr_viaje,False,4
andujak2,fr_estro,False,4
andujak2,fr_embar,False,4
andujak2,fr_varic,False,4
andujak2,fr_antec,False,4
andujak2,ana_dime,False,4
andujak2,ana_crea,True,4
andujak2,ana_trop,False,4
andujak2,edad,True,4
andujak2,peso,False,4
andujak2,tension_,False,4
andujak2,ana_hemo,True,4
andujak2,ana_plaq,True,4
andujak2,ana_leuc,False,4
andujak2,ana_neu,True,4
andujak2,protcrea,False,4
andujak2,splanchnic,True,4
andujak2,sexo,False,5
andujak2,raza,True,5
andujak2,ant_inf,False,5
andujak2,ant_isq,False,5
andujak2,ant_clau,True,5
andujak2,fum_act,False,5
andujak2,diabetes,False,5
andujak2,hip_art,True,5
andujak2,insf_car,False,5
andujak2,fibr_aur,True,5
andujak2,trat_est,False,5
andujak2,e_con_pp,False,5
andujak2,e_con_cu,False,5
andujak2,e_con_ec,True,5
andujak2,e_con_lu,False,5
andujak2,e_con_be,False,5
andujak2,e_con_va,False,5
andujak2,e_con_ar,False,5
andujak2,e_con_ea,False,5
andujak2,e_con_pr,False,5
andujak2,e_con_av,False,5
andujak2,e_con_sm,False,5
andujak2,sin_tvp_,False,5
andujak2,var171,False,5
andujak2,tv_l_esu,False,5
andujak2,tvp_orig,False,5
andujak2,tv_l_ein,False,5
andujak2,tvp_prox,False,5
andujak2,tv_l_svc,False,5
andujak2,tv_l_vre,False,5
andujak2,tv_l_vrn,False,5
andujak2,tv_l_vca,False,5
andujak2,tv_l_yug,True,5
andujak2,tv_l_ova,True,5
andujak2,tv_l_sup,False,5
andujak2,tv_l_pul,False,5
andujak2,tv_l_ove,False,5
andujak2,fr_cance,False,5
andujak2,fr_cirug,False,5
andujak2,fr_inmov,False,5
andujak2,fr_tvp_a,False,5
andujak2,fr_antfa,False,5
andujak2,fr_tvs_a,False,5
andujak2,fr_viaje,False,5
andujak2,fr_estro,False,5
andujak2,fr_embar,False,5
andujak2,fr_varic,False,5
andujak2,fr_antec,False,5
andujak2,ana_dime,False,5
andujak2,ana_crea,True,5
andujak2,ana_trop,False,5
andujak2,edad,True,5
andujak2,peso,False,5
andujak2,tension_,False,5
andujak2,ana_hemo,True,5
andujak2,ana_plaq,True,5
andujak2,ana_leuc,False,5
andujak2,ana_neu,True,5
andujak2,protcrea,True,5
andujak2,splanchnic,True,5
andujak2,sexo,False,6
andujak2,raza,True,6
andujak2,ant_inf,False,6
andujak2,ant_isq,False,6
andujak2,ant_clau,True,6
andujak2,fum_act,False,6
andujak2,diabetes,False,6
andujak2,hip_art,True,6
andujak2,insf_car,False,6
andujak2,fibr_aur,True,6
andujak2,trat_est,False,6
andujak2,e_con_pp,False,6
andujak2,e_con_cu,False,6
andujak2,e_con_ec,True,6
andujak2,e_con_lu,False,6
andujak2,e_con_be,False,6
andujak2,e_con_va,False,6
andujak2,e_con_ar,False,6
andujak2,e_con_ea,False,6
andujak2,e_con_pr,False,6
andujak2,e_con_av,False,6
andujak2,e_con_sm,False,6
andujak2,sin_tvp_,False,6
andujak2,var171,False,6
andujak2,tv_l_esu,False,6
andujak2,tvp_orig,False,6
andujak2,tv_l_ein,False,6
andujak2,tvp_prox,True,6
andujak2,tv_l_svc,False,6
andujak2,tv_l_vre,False,6
andujak2,tv_l_vrn,False,6
andujak2,tv_l_vca,False,6
andujak2,tv_l_yug,False,6
andujak2,tv_l_ova,True,6
andujak2,tv_l_sup,False,6
andujak2,tv_l_pul,False,6
andujak2,tv_l_ove,False,6
andujak2,fr_cance,False,6
andujak2,fr_cirug,False,6
andujak2,fr_inmov,False,6
andujak2,fr_tvp_a,False,6
andujak2,fr_antfa,False,6
andujak2,fr_tvs_a,False,6
andujak2,fr_viaje,False,6
andujak2,fr_estro,False,6
andujak2,fr_embar,False,6
andujak2,fr_varic,False,6
andujak2,fr_antec,False,6
andujak2,ana_dime,False,6
andujak2,ana_crea,True,6
andujak2,ana_trop,False,6
andujak2,edad,True,6
andujak2,peso,False,6
andujak2,tension_,False,6
andujak2,ana_hemo,True,6
andujak2,ana_plaq,True,6
andujak2,ana_leuc,False,6
andujak2,ana_neu,True,6
andujak2,protcrea,False,6
andujak2,splanchnic,True,6
andujak2,sexo,False,7
andujak2,raza,True,7
andujak2,ant_inf,False,7
andujak2,ant_isq,False,7
andujak2,ant_clau,True,7
andujak2,fum_act,False,7
andujak2,diabetes,False,7
andujak2,hip_art,True,7
andujak2,insf_car,False,7
andujak2,fibr_aur,False,7
andujak2,trat_est,False,7
andujak2,e_con_pp,False,7
andujak2,e_con_cu,False,7
andujak2,e_con_ec,True,7
andujak2,e_con_lu,False,7
andujak2,e_con_be,False,7
andujak2,e_con_va,False,7
andujak2,e_con_ar,False,7
andujak2,e_con_ea,False,7
andujak2,e_con_pr,False,7
andujak2,e_con_av,False,7
andujak2,e_con_sm,False,7
andujak2,sin_tvp_,False,7
andujak2,var171,False,7
andujak2,tv_l_esu,False,7
andujak2,tvp_orig,False,7
andujak2,tv_l_ein,False,7
andujak2,tvp_prox,False,7
andujak2,tv_l_svc,False,7
andujak2,tv_l_vre,False,7
andujak2,tv_l_vrn,False,7
andujak2,tv_l_vca,False,7
andujak2,tv_l_yug,True,7
andujak2,tv_l_ova,False,7
andujak2,tv_l_sup,False,7
andujak2,tv_l_pul,False,7
andujak2,tv_l_ove,False,7
andujak2,fr_cance,False,7
andujak2,fr_cirug,False,7
andujak2,fr_inmov,False,7
andujak2,fr_tvp_a,False,7
andujak2,fr_antfa,False,7
andujak2,fr_tvs_a,False,7
andujak2,fr_viaje,False,7
andujak2,fr_estro,False,7
andujak2,fr_embar,False,7
andujak2,fr_varic,False,7
andujak2,fr_antec,False,7
andujak2,ana_dime,False,7
andujak2,ana_crea,True,7
andujak2,ana_trop,False,7
andujak2,edad,True,7
andujak2,peso,False,7
andujak2,tension_,False,7
andujak2,ana_hemo,True,7
andujak2,ana_plaq,True,7
andujak2,ana_leuc,True,7
andujak2,ana_neu,False,7
andujak2,protcrea,False,7
andujak2,splanchnic,True,7
andujak2,sexo,False,8
andujak2,raza,True,8
andujak2,ant_inf,False,8
andujak2,ant_isq,False,8
andujak2,ant_clau,True,8
andujak2,fum_act,False,8
andujak2,diabetes,False,8
andujak2,hip_art,True,8
andujak2,insf_car,False,8
andujak2,fibr_aur,True,8
andujak2,trat_est,False,8
andujak2,e_con_pp,False,8
andujak2,e_con_cu,False,8
andujak2,e_con_ec,True,8
andujak2,e_con_lu,False,8
andujak2,e_con_be,False,8
andujak2,e_con_va,False,8
andujak2,e_con_ar,False,8
andujak2,e_con_ea,False,8
andujak2,e_con_pr,False,8
andujak2,e_con_av,False,8
andujak2,e_con_sm,False,8
andujak2,sin_tvp_,False,8
andujak2,var171,False,8
andujak2,tv_l_esu,False,8
andujak2,tvp_orig,False,8
andujak2,tv_l_ein,True,8
andujak2,tvp_prox,False,8
andujak2,tv_l_svc,False,8
andujak2,tv_l_vre,False,8
andujak2,tv_l_vrn,False,8
andujak2,tv_l_vca,False,8
andujak2,tv_l_yug,False,8
andujak2,tv_l_ova,False,8
andujak2,tv_l_sup,True,8
andujak2,tv_l_pul,False,8
andujak2,tv_l_ove,False,8
andujak2,fr_cance,False,8
andujak2,fr_cirug,False,8
andujak2,fr_inmov,False,8
andujak2,fr_tvp_a,False,8
andujak2,fr_antfa,False,8
andujak2,fr_tvs_a,False,8
andujak2,fr_viaje,False,8
andujak2,fr_estro,False,8
andujak2,fr_embar,False,8
andujak2,fr_varic,False,8
andujak2,fr_antec,False,8
andujak2,ana_dime,False,8
andujak2,ana_crea,True,8
andujak2,ana_trop,False,8
andujak2,edad,True,8
andujak2,peso,False,8
andujak2,tension_,True,8
andujak2,ana_hemo,True,8
andujak2,ana_plaq,True,8
andujak2,ana_leuc,False,8
andujak2,ana_neu,True,8
andujak2,protcrea,False,8
andujak2,splanchnic,True,8
andujak2,sexo,False,9
andujak2,raza,True,9
andujak2,ant_inf,False,9
andujak2,ant_isq,True,9
andujak2,ant_clau,True,9
andujak2,fum_act,False,9
andujak2,diabetes,False,9
andujak2,hip_art,True,9
andujak2,insf_car,False,9
andujak2,fibr_aur,True,9
andujak2,trat_est,False,9
andujak2,e_con_pp,False,9
andujak2,e_con_cu,False,9
andujak2,e_con_ec,True,9
andujak2,e_con_lu,False,9
andujak2,e_con_be,False,9
andujak2,e_con_va,False,9
andujak2,e_con_ar,False,9
andujak2,e_con_ea,False,9
andujak2,e_con_pr,False,9
andujak2,e_con_av,False,9
andujak2,e_con_sm,False,9
andujak2,sin_tvp_,False,9
andujak2,var171,False,9
andujak2,tv_l_esu,False,9
andujak2,tvp_orig,False,9
andujak2,tv_l_ein,True,9
andujak2,tvp_prox,False,9
andujak2,tv_l_svc,False,9
andujak2,tv_l_vre,False,9
andujak2,tv_l_vrn,False,9
andujak2,tv_l_vca,False,9
andujak2,tv_l_yug,False,9
andujak2,tv_l_ova,False,9
andujak2,tv_l_sup,False,9
andujak2,tv_l_pul,False,9
andujak2,tv_l_ove,True,9
andujak2,fr_cance,False,9
andujak2,fr_cirug,False,9
andujak2,fr_inmov,False,9
andujak2,fr_tvp_a,False,9
andujak2,fr_antfa,False,9
andujak2,fr_tvs_a,False,9
andujak2,fr_viaje,False,9
andujak2,fr_estro,False,9
andujak2,fr_embar,False,9
andujak2,fr_varic,False,9
andujak2,fr_antec,False,9
andujak2,ana_dime,False,9
andujak2,ana_crea,True,9
andujak2,ana_trop,False,9
andujak2,edad,True,9
andujak2,peso,False,9
andujak2,tension_,True,9
andujak2,ana_hemo,True,9
andujak2,ana_plaq,True,9
andujak2,ana_leuc,True,9
andujak2,ana_neu,True,9
andujak2,protcrea,False,9
andujak2,splanchnic,True,9
andujak2,sexo,False,10
andujak2,raza,True,10
andujak2,ant_inf,False,10
andujak2,ant_isq,False,10
andujak2,ant_clau,True,10
andujak2,fum_act,False,10
andujak2,diabetes,False,10
andujak2,hip_art,True,10
andujak2,insf_car,False,10
andujak2,fibr_aur,True,10
andujak2,trat_est,False,10
andujak2,e_con_pp,False,10
andujak2,e_con_cu,False,10
andujak2,e_con_ec,True,10
andujak2,e_con_lu,False,10
andujak2,e_con_be,False,10
andujak2,e_con_va,False,10
andujak2,e_con_ar,False,10
andujak2,e_con_ea,False,10
andujak2,e_con_pr,False,10
andujak2,e_con_av,False,10
andujak2,e_con_sm,False,10
andujak2,sin_tvp_,False,10
andujak2,var171,False,10
andujak2,tv_l_esu,False,10
andujak2,tvp_orig,False,10
andujak2,tv_l_ein,True,10
andujak2,tvp_prox,False,10
andujak2,tv_l_svc,False,10
andujak2,tv_l_vre,False,10
andujak2,tv_l_vrn,False,10
andujak2,tv_l_vca,False,10
andujak2,tv_l_yug,True,10
andujak2,tv_l_ova,False,10
andujak2,tv_l_sup,False,10
andujak2,tv_l_pul,False,10
andujak2,tv_l_ove,False,10
andujak2,fr_cance,False,10
andujak2,fr_cirug,False,10
andujak2,fr_inmov,False,10
andujak2,fr_tvp_a,False,10
andujak2,fr_antfa,False,10
andujak2,fr_tvs_a,False,10
andujak2,fr_viaje,False,10
andujak2,fr_estro,False,10
andujak2,fr_embar,False,10
andujak2,fr_varic,False,10
andujak2,fr_antec,False,10
andujak2,ana_dime,False,10
andujak2,ana_crea,True,10
andujak2,ana_trop,False,10
andujak2,edad,True,10
andujak2,peso,False,10
andujak2,tension_,False,10
andujak2,ana_hemo,True,10
andujak2,ana_plaq,True,10
andujak2,ana_leuc,False,10
andujak2,ana_neu,True,10
andujak2,protcrea,True,10
andujak2,splanchnic,True,10
andujak2,sexo,False,11
andujak2,raza,True,11
andujak2,ant_inf,False,11
andujak2,ant_isq,False,11
andujak2,ant_clau,False,11
andujak2,fum_act,False,11
andujak2,diabetes,False,11
andujak2,hip_art,True,11
andujak2,insf_car,False,11
andujak2,fibr_aur,True,11
andujak2,trat_est,False,11
andujak2,e_con_pp,False,11
andujak2,e_con_cu,False,11
andujak2,e_con_ec,True,11
andujak2,e_con_lu,False,11
andujak2,e_con_be,False,11
andujak2,e_con_va,False,11
andujak2,e_con_ar,False,11
andujak2,e_con_ea,False,11
andujak2,e_con_pr,False,11
andujak2,e_con_av,False,11
andujak2,e_con_sm,False,11
andujak2,sin_tvp_,False,11
andujak2,var171,False,11
andujak2,tv_l_esu,False,11
andujak2,tvp_orig,False,11
andujak2,tv_l_ein,False,11
andujak2,tvp_prox,False,11
andujak2,tv_l_svc,False,11
andujak2,tv_l_vre,False,11
andujak2,tv_l_vrn,False,11
andujak2,tv_l_vca,False,11
andujak2,tv_l_yug,True,11
andujak2,tv_l_ova,False,11
andujak2,tv_l_sup,True,11
andujak2,tv_l_pul,False,11
andujak2,tv_l_ove,False,11
andujak2,fr_cance,False,11
andujak2,fr_cirug,False,11
andujak2,fr_inmov,False,11
andujak2,fr_tvp_a,False,11
andujak2,fr_antfa,False,11
andujak2,fr_tvs_a,False,11
andujak2,fr_viaje,False,11
andujak2,fr_estro,False,11
andujak2,fr_embar,False,11
andujak2,fr_varic,False,11
andujak2,fr_antec,False,11
andujak2,ana_dime,False,11
andujak2,ana_crea,True,11
andujak2,ana_trop,False,11
andujak2,edad,True,11
andujak2,peso,False,11
andujak2,tension_,False,11
andujak2,ana_hemo,True,11
andujak2,ana_plaq,True,11
andujak2,ana_leuc,False,11
andujak2,ana_neu,True,11
andujak2,protcrea,False,11
andujak2,splanchnic,True,11
andujak2,sexo,False,12
andujak2,raza,True,12
andujak2,ant_inf,False,12
andujak2,ant_isq,False,12
andujak2,ant_clau,True,12
andujak2,fum_act,False,12
andujak2,diabetes,False,12
andujak2,hip_art,True,12
andujak2,insf_car,False,12
andujak2,fibr_aur,True,12
andujak2,trat_est,False,12
andujak2,e_con_pp,False,12
andujak2,e_con_cu,False,12
andujak2,e_con_ec,True,12
andujak2,e_con_lu,False,12
andujak2,e_con_be,False,12
andujak2,e_con_va,False,12
andujak2,e_con_ar,False,12
andujak2,e_con_ea,False,12
andujak2,e_con_pr,False,12
andujak2,e_con_av,False,12
andujak2,e_con_sm,False,12
andujak2,sin_tvp_,False,12
andujak2,var171,False,12
andujak2,tv_l_esu,False,12
andujak2,tvp_orig,True,12
andujak2,tv_l_ein,False,12
andujak2,tvp_prox,False,12
andujak2,tv_l_svc,False,12
andujak2,tv_l_vre,False,12
andujak2,tv_l_vrn,False,12
andujak2,tv_l_vca,False,12
andujak2,tv_l_yug,True,12
andujak2,tv_l_ova,False,12
andujak2,tv_l_sup,False,12
andujak2,tv_l_pul,False,12
andujak2,tv_l_ove,False,12
andujak2,fr_cance,False,12
andujak2,fr_cirug,False,12
andujak2,fr_inmov,False,12
andujak2,fr_tvp_a,False,12
andujak2,fr_antfa,False,12
andujak2,fr_tvs_a,False,12
andujak2,fr_viaje,False,12
andujak2,fr_estro,False,12
andujak2,fr_embar,False,12
andujak2,fr_varic,False,12
andujak2,fr_antec,False,12
andujak2,ana_dime,False,12
andujak2,ana_crea,True,12
andujak2,ana_trop,False,12
andujak2,edad,True,12
andujak2,peso,False,12
andujak2,tension_,False,12
andujak2,ana_hemo,True,12
andujak2,ana_plaq,True,12
andujak2,ana_leuc,False,12
andujak2,ana_neu,True,12
andujak2,protcrea,False,12
andujak2,splanchnic,True,12
andujak2,sexo,False,13
andujak2,raza,True,13
andujak2,ant_inf,False,13
andujak2,ant_isq,False,13
andujak2,ant_clau,True,13
andujak2,fum_act,False,13
andujak2,diabetes,False,13
andujak2,hip_art,True,13
andujak2,insf_car,False,13
andujak2,fibr_aur,True,13
andujak2,trat_est,False,13
andujak2,e_con_pp,False,13
andujak2,e_con_cu,False,13
andujak2,e_con_ec,True,13
andujak2,e_con_lu,False,13
andujak2,e_con_be,False,13
andujak2,e_con_va,False,13
andujak2,e_con_ar,False,13
andujak2,e_con_ea,False,13
andujak2,e_con_pr,False,13
andujak2,e_con_av,False,13
andujak2,e_con_sm,False,13
andujak2,sin_tvp_,False,13
andujak2,var171,False,13
andujak2,tv_l_esu,False,13
andujak2,tvp_orig,False,13
andujak2,tv_l_ein,False,13
andujak2,tvp_prox,False,13
andujak2,tv_l_svc,False,13
andujak2,tv_l_vre,False,13
andujak2,tv_l_vrn,False,13
andujak2,tv_l_vca,False,13
andujak2,tv_l_yug,False,13
andujak2,tv_l_ova,False,13
andujak2,tv_l_sup,False,13
andujak2,tv_l_pul,False,13
andujak2,tv_l_ove,False,13
andujak2,fr_cance,False,13
andujak2,fr_cirug,False,13
andujak2,fr_inmov,False,13
andujak2,fr_tvp_a,False,13
andujak2,fr_antfa,False,13
andujak2,fr_tvs_a,False,13
andujak2,fr_viaje,False,13
andujak2,fr_estro,False,13
andujak2,fr_embar,False,13
andujak2,fr_varic,False,13
andujak2,fr_antec,False,13
andujak2,ana_dime,False,13
andujak2,ana_crea,True,13
andujak2,ana_trop,False,13
andujak2,edad,True,13
andujak2,peso,False,13
andujak2,tension_,False,13
andujak2,ana_hemo,True,13
andujak2,ana_plaq,True,13
andujak2,ana_leuc,True,13
andujak2,ana_neu,True,13
andujak2,protcrea,False,13
andujak2,splanchnic,True,13
andujak2,sexo,False,14
andujak2,raza,True,14
andujak2,ant_inf,False,14
andujak2,ant_isq,False,14
andujak2,ant_clau,True,14
andujak2,fum_act,False,14
andujak2,diabetes,False,14
andujak2,hip_art,True,14
andujak2,insf_car,False,14
andujak2,fibr_aur,True,14
andujak2,trat_est,False,14
andujak2,e_con_pp,False,14
andujak2,e_con_cu,False,14
andujak2,e_con_ec,True,14
andujak2,e_con_lu,False,14
andujak2,e_con_be,False,14
andujak2,e_con_va,False,14
andujak2,e_con_ar,False,14
andujak2,e_con_ea,False,14
andujak2,e_con_pr,False,14
andujak2,e_con_av,False,14
andujak2,e_con_sm,False,14
andujak2,sin_tvp_,False,14
andujak2,var171,False,14
andujak2,tv_l_esu,False,14
andujak2,tvp_orig,False,14
andujak2,tv_l_ein,True,14
andujak2,tvp_prox,False,14
andujak2,tv_l_svc,False,14
andujak2,tv_l_vre,False,14
andujak2,tv_l_vrn,False,14
andujak2,tv_l_vca,False,14
andujak2,tv_l_yug,False,14
andujak2,tv_l_ova,False,14
andujak2,tv_l_sup,False,14
andujak2,tv_l_pul,False,14
andujak2,tv_l_ove,False,14
andujak2,fr_cance,False,14
andujak2,fr_cirug,False,14
andujak2,fr_inmov,False,14
andujak2,fr_tvp_a,False,14
andujak2,fr_antfa,False,14
andujak2,fr_tvs_a,False,14
andujak2,fr_viaje,False,14
andujak2,fr_estro,False,14
andujak2,fr_embar,False,14
andujak2,fr_varic,False,14
andujak2,fr_antec,False,14
andujak2,ana_dime,False,14
andujak2,ana_crea,True,14
andujak2,ana_trop,False,14
andujak2,edad,True,14
andujak2,peso,False,14
andujak2,tension_,False,14
andujak2,ana_hemo,True,14
andujak2,ana_plaq,True,14
andujak2,ana_leuc,False,14
andujak2,ana_neu,True,14
andujak2,protcrea,False,14
andujak2,splanchnic,True,14
andujak2,sexo,False,15
andujak2,raza,True,15
andujak2,ant_inf,False,15
andujak2,ant_isq,False,15
andujak2,ant_clau,True,15
andujak2,fum_act,False,15
andujak2,diabetes,False,15
andujak2,hip_art,True,15
andujak2,insf_car,False,15
andujak2,fibr_aur,True,15
andujak2,trat_est,False,15
andujak2,e_con_pp,False,15
andujak2,e_con_cu,False,15
andujak2,e_con_ec,True,15
andujak2,e_con_lu,False,15
andujak2,e_con_be,False,15
andujak2,e_con_va,False,15
andujak2,e_con_ar,False,15
andujak2,e_con_ea,False,15
andujak2,e_con_pr,False,15
andujak2,e_con_av,False,15
andujak2,e_con_sm,False,15
andujak2,sin_tvp_,False,15
andujak2,var171,False,15
andujak2,tv_l_esu,False,15
andujak2,tvp_orig,False,15
andujak2,tv_l_ein,True,15
andujak2,tvp_prox,False,15
andujak2,tv_l_svc,False,15
andujak2,tv_l_vre,False,15
andujak2,tv_l_vrn,False,15
andujak2,tv_l_vca,False,15
andujak2,tv_l_yug,False,15
andujak2,tv_l_ova,False,15
andujak2,tv_l_sup,True,15
andujak2,tv_l_pul,False,15
andujak2,tv_l_ove,False,15
andujak2,fr_cance,False,15
andujak2,fr_cirug,False,15
andujak2,fr_inmov,False,15
andujak2,fr_tvp_a,False,15
andujak2,fr_antfa,False,15
andujak2,fr_tvs_a,False,15
andujak2,fr_viaje,False,15
andujak2,fr_estro,False,15
andujak2,fr_embar,False,15
andujak2,fr_varic,False,15
andujak2,fr_antec,False,15
andujak2,ana_dime,False,15
andujak2,ana_crea,True,15
andujak2,ana_trop,False,15
andujak2,edad,True,15
andujak2,peso,False,15
andujak2,tension_,False,15
andujak2,ana_hemo,True,15
andujak2,ana_plaq,True,15
andujak2,ana_leuc,True,15
andujak2,ana_neu,False,15
andujak2,protcrea,False,15
andujak2,splanchnic,True,15
andujak2,sexo,False,16
andujak2,raza,True,16
andujak2,ant_inf,False,16
andujak2,ant_isq,False,16
andujak2,ant_clau,True,16
andujak2,fum_act,False,16
andujak2,diabetes,False,16
andujak2,hip_art,True,16
andujak2,insf_car,False,16
andujak2,fibr_aur,True,16
andujak2,trat_est,False,16
andujak2,e_con_pp,False,16
andujak2,e_con_cu,False,16
andujak2,e_con_ec,True,16
andujak2,e_con_lu,False,16
andujak2,e_con_be,False,16
andujak2,e_con_va,False,16
andujak2,e_con_ar,False,16
andujak2,e_con_ea,False,16
andujak2,e_con_pr,False,16
andujak2,e_con_av,False,16
andujak2,e_con_sm,False,16
andujak2,sin_tvp_,False,16
andujak2,var171,False,16
andujak2,tv_l_esu,False,16
andujak2,tvp_orig,False,16
andujak2,tv_l_ein,True,16
andujak2,tvp_prox,False,16
andujak2,tv_l_svc,False,16
andujak2,tv_l_vre,False,16
andujak2,tv_l_vrn,False,16
andujak2,tv_l_vca,False,16
andujak2,tv_l_yug,True,16
andujak2,tv_l_ova,False,16
andujak2,tv_l_sup,False,16
andujak2,tv_l_pul,True,16
andujak2,tv_l_ove,False,16
andujak2,fr_cance,False,16
andujak2,fr_cirug,False,16
andujak2,fr_inmov,False,16
andujak2,fr_tvp_a,False,16
andujak2,fr_antfa,False,16
andujak2,fr_tvs_a,False,16
andujak2,fr_viaje,False,16
andujak2,fr_estro,False,16
andujak2,fr_embar,False,16
andujak2,fr_varic,False,16
andujak2,fr_antec,False,16
andujak2,ana_dime,False,16
andujak2,ana_crea,True,16
andujak2,ana_trop,False,16
andujak2,edad,True,16
andujak2,peso,False,16
andujak2,tension_,False,16
andujak2,ana_hemo,True,16
andujak2,ana_plaq,True,16
andujak2,ana_leuc,True,16
andujak2,ana_neu,True,16
andujak2,protcrea,False,16
andujak2,splanchnic,True,16
andujak2,sexo,False,17
andujak2,raza,True,17
andujak2,ant_inf,False,17
andujak2,ant_isq,False,17
andujak2,ant_clau,True,17
andujak2,fum_act,False,17
andujak2,diabetes,False,17
andujak2,hip_art,True,17
andujak2,insf_car,False,17
andujak2,fibr_aur,True,17
andujak2,trat_est,False,17
andujak2,e_con_pp,False,17
andujak2,e_con_cu,False,17
andujak2,e_con_ec,True,17
andujak2,e_con_lu,False,17
andujak2,e_con_be,False,17
andujak2,e_con_va,False,17
andujak2,e_con_ar,False,17
andujak2,e_con_ea,False,17
andujak2,e_con_pr,False,17
andujak2,e_con_av,False,17
andujak2,e_con_sm,False,17
andujak2,sin_tvp_,False,17
andujak2,var171,False,17
andujak2,tv_l_esu,False,17
andujak2,tvp_orig,False,17
andujak2,tv_l_ein,True,17
andujak2,tvp_prox,False,17
andujak2,tv_l_svc,False,17
andujak2,tv_l_vre,False,17
andujak2,tv_l_vrn,False,17
andujak2,tv_l_vca,False,17
andujak2,tv_l_yug,False,17
andujak2,tv_l_ova,False,17
andujak2,tv_l_sup,True,17
andujak2,tv_l_pul,False,17
andujak2,tv_l_ove,False,17
andujak2,fr_cance,False,17
andujak2,fr_cirug,False,17
andujak2,fr_inmov,False,17
andujak2,fr_tvp_a,False,17
andujak2,fr_antfa,False,17
andujak2,fr_tvs_a,False,17
andujak2,fr_viaje,False,17
andujak2,fr_estro,False,17
andujak2,fr_embar,False,17
andujak2,fr_varic,False,17
andujak2,fr_antec,False,17
andujak2,ana_dime,False,17
andujak2,ana_crea,True,17
andujak2,ana_trop,False,17
andujak2,edad,True,17
andujak2,peso,False,17
andujak2,tension_,False,17
andujak2,ana_hemo,True,17
andujak2,ana_plaq,True,17
andujak2,ana_leuc,False,17
andujak2,ana_neu,True,17
andujak2,protcrea,False,17
andujak2,splanchnic,True,17
andujak2,sexo,False,18
andujak2,raza,True,18
andujak2,ant_inf,False,18
andujak2,ant_isq,False,18
andujak2,ant_clau,True,18
andujak2,fum_act,False,18
andujak2,diabetes,False,18
andujak2,hip_art,True,18
andujak2,insf_car,False,18
andujak2,fibr_aur,True,18
andujak2,trat_est,False,18
andujak2,e_con_pp,False,18
andujak2,e_con_cu,False,18
andujak2,e_con_ec,True,18
andujak2,e_con_lu,False,18
andujak2,e_con_be,False,18
andujak2,e_con_va,False,18
andujak2,e_con_ar,False,18
andujak2,e_con_ea,False,18
andujak2,e_con_pr,False,18
andujak2,e_con_av,False,18
andujak2,e_con_sm,False,18
andujak2,sin_tvp_,False,18
andujak2,var171,False,18
andujak2,tv_l_esu,False,18
andujak2,tvp_orig,False,18
andujak2,tv_l_ein,False,18
andujak2,tvp_prox,False,18
andujak2,tv_l_svc,False,18
andujak2,tv_l_vre,False,18
andujak2,tv_l_vrn,False,18
andujak2,tv_l_vca,False,18
andujak2,tv_l_yug,False,18
andujak2,tv_l_ova,False,18
andujak2,tv_l_sup,True,18
andujak2,tv_l_pul,False,18
andujak2,tv_l_ove,False,18
andujak2,fr_cance,False,18
andujak2,fr_cirug,False,18
andujak2,fr_inmov,False,18
andujak2,fr_tvp_a,False,18
andujak2,fr_antfa,False,18
andujak2,fr_tvs_a,False,18
andujak2,fr_viaje,False,18
andujak2,fr_estro,False,18
andujak2,fr_embar,False,18
andujak2,fr_varic,False,18
andujak2,fr_antec,False,18
andujak2,ana_dime,False,18
andujak2,ana_crea,True,18
andujak2,ana_trop,False,18
andujak2,edad,True,18
andujak2,peso,False,18
andujak2,tension_,True,18
andujak2,ana_hemo,True,18
andujak2,ana_plaq,True,18
andujak2,ana_leuc,True,18
andujak2,ana_neu,False,18
andujak2,protcrea,True,18
andujak2,splanchnic,True,18
andujak2,sexo,False,19
andujak2,raza,True,19
andujak2,ant_inf,False,19
andujak2,ant_isq,True,19
andujak2,ant_clau,True,19
andujak2,fum_act,False,19
andujak2,diabetes,False,19
andujak2,hip_art,True,19
andujak2,insf_car,False,19
andujak2,fibr_aur,True,19
andujak2,trat_est,False,19
andujak2,e_con_pp,False,19
andujak2,e_con_cu,False,19
andujak2,e_con_ec,True,19
andujak2,e_con_lu,False,19
andujak2,e_con_be,False,19
andujak2,e_con_va,False,19
andujak2,e_con_ar,False,19
andujak2,e_con_ea,False,19
andujak2,e_con_pr,False,19
andujak2,e_con_av,False,19
andujak2,e_con_sm,False,19
andujak2,sin_tvp_,False,19
andujak2,var171,False,19
andujak2,tv_l_esu,False,19
andujak2,tvp_orig,False,19
andujak2,tv_l_ein,False,19
andujak2,tvp_prox,False,19
andujak2,tv_l_svc,False,19
andujak2,tv_l_vre,False,19
andujak2,tv_l_vrn,False,19
andujak2,tv_l_vca,False,19
andujak2,tv_l_yug,False,19
andujak2,tv_l_ova,False,19
andujak2,tv_l_sup,False,19
andujak2,tv_l_pul,False,19
andujak2,tv_l_ove,False,19
andujak2,fr_cance,False,19
andujak2,fr_cirug,False,19
andujak2,fr_inmov,False,19
andujak2,fr_tvp_a,False,19
andujak2,fr_antfa,False,19
andujak2,fr_tvs_a,False,19
andujak2,fr_viaje,False,19
andujak2,fr_estro,False,19
andujak2,fr_embar,False,19
andujak2,fr_varic,False,19
andujak2,fr_antec,False,19
andujak2,ana_dime,False,19
andujak2,ana_crea,True,19
andujak2,ana_trop,False,19
andujak2,edad,True,19
andujak2,peso,False,19
andujak2,tension_,False,19
andujak2,ana_hemo,True,19
andujak2,ana_plaq,True,19
andujak2,ana_leuc,True,19
andujak2,ana_neu,True,19
andujak2,protcrea,False,19
andujak2,splanchnic,True,19
andujak2,sexo,False,20
andujak2,raza,True,20
andujak2,ant_inf,False,20
andujak2,ant_isq,False,20
andujak2,ant_clau,True,20
andujak2,fum_act,False,20
andujak2,diabetes,False,20
andujak2,hip_art,True,20
andujak2,insf_car,False,20
andujak2,fibr_aur,True,20
andujak2,trat_est,False,20
andujak2,e_con_pp,False,20
andujak2,e_con_cu,False,20
andujak2,e_con_ec,True,20
andujak2,e_con_lu,False,20
andujak2,e_con_be,False,20
andujak2,e_con_va,False,20
andujak2,e_con_ar,False,20
andujak2,e_con_ea,False,20
andujak2,e_con_pr,False,20
andujak2,e_con_av,False,20
andujak2,e_con_sm,False,20
andujak2,sin_tvp_,False,20
andujak2,var171,False,20
andujak2,tv_l_esu,False,20
andujak2,tvp_orig,False,20
andujak2,tv_l_ein,True,20
andujak2,tvp_prox,False,20
andujak2,tv_l_svc,False,20
andujak2,tv_l_vre,False,20
andujak2,tv_l_vrn,False,20
andujak2,tv_l_vca,False,20
andujak2,tv_l_yug,False,20
andujak2,tv_l_ova,True,20
andujak2,tv_l_sup,False,20
andujak2,tv_l_pul,False,20
andujak2,tv_l_ove,False,20
andujak2,fr_cance,False,20
andujak2,fr_cirug,False,20
andujak2,fr_inmov,False,20
andujak2,fr_tvp_a,False,20
andujak2,fr_antfa,False,20
andujak2,fr_tvs_a,False,20
andujak2,fr_viaje,False,20
andujak2,fr_estro,False,20
andujak2,fr_embar,False,20
andujak2,fr_varic,False,20
andujak2,fr_antec,False,20
andujak2,ana_dime,False,20
andujak2,ana_crea,True,20
andujak2,ana_trop,False,20
andujak2,edad,True,20
andujak2,peso,False,20
andujak2,tension_,False,20
andujak2,ana_hemo,True,20
andujak2,ana_plaq,True,20
andujak2,ana_leuc,True,20
andujak2,ana_neu,True,20
andujak2,protcrea,False,20
andujak2,splanchnic,True,20
