outcome,label,analysis,validation,model,n_explicit,positive_n_explicit,auc_explicit,sensitivity_explicit,specificity_explicit,npv_explicit,tp_explicit,fp_explicit,tn_explicit,fn_explicit,n_routine,positive_n_routine,auc_routine,sensitivity_routine,specificity_routine,npv_routine,tp_routine,fp_routine,tn_routine,fn_routine
ana_dura,Composite thrombophilia,primary_complete_case,nested_cv,Logistic LASSO,7209,2801,0.5835861382148325,0.9025348089967868,0.161070780399274,0.7222787385554426,2528,3698,710,273,7209,2801,0.5835861382148325,0.9025348089967868,0.161070780399274,0.7222787385554426,2528,3698,710,273
ana_dura,Composite thrombophilia,primary_complete_case,nested_cv,Automatic integer score,7209,2801,0.5838334086024501,0.9007497322384862,0.1626588021778584,0.7206030150753768,2523,3691,717,278,7209,2801,0.5838334086024501,0.9007497322384862,0.1626588021778584,0.7206030150753768,2523,3691,717,278
ana_dura,Composite thrombophilia,primary_complete_case,temporal_holdout,Logistic LASSO,423,141,0.5557190282178965,0.9148936170212766,0.0744680851063829,0.6363636363636364,129,261,21,12,423,141,0.5557190282178965,0.9148936170212766,0.0744680851063829,0.6363636363636364,129,261,21,12
ana_dura,Composite thrombophilia,primary_complete_case,temporal_holdout,Automatic integer score,423,141,0.5563100447663598,0.9148936170212766,0.0744680851063829,0.6363636363636364,129,261,21,12,423,141,0.5563100447663598,0.9148936170212766,0.0744680851063829,0.6363636363636364,129,261,21,12
ana_dura,Composite thrombophilia,primary_complete_case,nested_cv,XGBoost,7209,2801,0.5913048133574281,0.9075330239200284,0.1676497277676951,0.7404809619238477,2542,3669,739,259,7209,2801,0.5913048133574281,0.9075330239200284,0.1676497277676951,0.7404809619238477,2542,3669,739,259
ana_dura,Composite thrombophilia,primary_complete_case,temporal_holdout,XGBoost,423,141,0.5473944972586892,0.9078014184397164,0.1418439716312056,0.7547169811320755,128,242,40,13,423,141,0.5473944972586892,0.9078014184397164,0.1418439716312056,0.7547169811320755,128,242,40,13
ana_dura,Composite thrombophilia,sensitivity_native_missing,nested_cv,XGBoost,21762,8200,0.6047699094672705,0.9009756097560976,0.1903848989824509,0.7607542722451385,7388,10980,2582,812,21762,8200,0.6047699094672705,0.9009756097560976,0.1903848989824509,0.7607542722451385,7388,10980,2582,812
ana_dura,Composite thrombophilia,sensitivity_native_missing,temporal_holdout,XGBoost,1085,345,0.5940070505287897,0.8318840579710145,0.3,0.7928571428571428,287,518,222,58,1085,345,0.5940070505287897,0.8318840579710145,0.3,0.7928571428571428,287,518,222,58
ana_dura,Composite thrombophilia,guided_complete_case,nested_cv,Logistic LASSO,7209,2801,0.5648757962381856,0.9071760085683684,0.1479128856624319,0.7149122807017544,2541,3756,652,260,7209,2801,0.5648757962381856,0.9071760085683684,0.1479128856624319,0.7149122807017544,2541,3756,652,260
ana_dura,Composite thrombophilia,guided_complete_case,nested_cv,Automatic integer score,7209,2801,0.5626064647640103,0.9125312388432704,0.1383847549909256,0.7134502923976608,2556,3798,610,245,7209,2801,0.5626064647640103,0.9125312388432704,0.1383847549909256,0.7134502923976608,2556,3798,610,245
ana_dura,Composite thrombophilia,guided_complete_case,temporal_holdout,Logistic LASSO,423,141,0.4884688898948744,0.950354609929078,0.0638297872340425,0.72,134,264,18,7,423,141,0.4884688898948744,0.950354609929078,0.0638297872340425,0.72,134,264,18,7
ana_dura,Composite thrombophilia,guided_complete_case,temporal_holdout,Automatic integer score,423,141,0.4958754589809365,0.9290780141843972,0.0673758865248227,0.6551724137931034,131,263,19,10,423,141,0.4958754589809365,0.9290780141843972,0.0673758865248227,0.6551724137931034,131,263,19,10
var156,Factor V Leiden,primary_complete_case,nested_cv,Logistic LASSO,5864,1167,0.6229491777555328,0.8997429305912596,0.1911858633170108,0.8847290640394089,1050,3799,898,117,7209,806,0.6188674934864977,0.9106699751861044,0.2045915976885834,0.9479015918958033,734,5093,1310,72
var156,Factor V Leiden,primary_complete_case,nested_cv,Automatic integer score,5864,1167,0.6229850262679291,0.9005998286203942,0.1894826484990419,0.8846918489065606,1051,3807,890,116,7209,806,0.6187450322797665,0.911910669975186,0.2022489458066531,0.9480234260614934,735,5108,1295,71
var156,Factor V Leiden,primary_complete_case,temporal_holdout,Logistic LASSO,102,29,0.5106282475200756,0.896551724137931,0.0684931506849315,0.625,26,68,5,3,423,28,0.5859855334538879,0.8928571428571429,0.1620253164556962,0.9552238805970148,25,331,64,3
var156,Factor V Leiden,primary_complete_case,temporal_holdout,Automatic integer score,102,29,0.5103920642418517,0.896551724137931,0.0684931506849315,0.625,26,68,5,3,423,28,0.5865732368896927,0.8928571428571429,0.1544303797468354,0.953125,25,334,61,3
var156,Factor V Leiden,primary_complete_case,nested_cv,XGBoost,5864,1167,0.6234098265789445,0.9031705227077976,0.1869278262720885,0.8859737638748738,1054,3819,878,113,7209,806,0.6150641235556069,0.9069478908188584,0.2022489458066531,0.9452554744525548,731,5108,1295,75
var156,Factor V Leiden,primary_complete_case,temporal_holdout,XGBoost,102,29,0.4775625885687293,0.9310344827586208,0.0547945205479452,0.6666666666666666,27,69,4,2,423,28,0.5775768535262206,0.8571428571428571,0.1493670886075949,0.9365079365079364,24,336,59,4
var156,Factor V Leiden,sensitivity_native_missing,nested_cv,XGBoost,10379,1973,0.7191529196375673,0.905727318803852,0.3302403045443731,0.937204591492235,1787,5630,2776,186,21762,1973,0.656515032375136,0.8925494171312722,0.2572136035171055,0.960015088645794,1761,14699,5090,212
var156,Factor V Leiden,sensitivity_native_missing,temporal_holdout,XGBoost,239,72,0.5691533599467731,0.9861111111111112,0.0,0.0,71,167,0,1,1085,72,0.649877975211144,0.8611111111111112,0.3198420533070089,0.9700598802395208,62,689,324,10
var157,Prothrombin G20210A,primary_complete_case,nested_cv,Logistic LASSO,5758,850,0.5653867635073588,0.8976470588235295,0.1623879380603097,0.9015837104072398,763,4111,797,87,7209,592,0.5460551037663022,0.9087837837837838,0.140849327489799,0.9452332657200812,538,5685,932,54
var157,Prothrombin G20210A,primary_complete_case,nested_cv,Automatic integer score,5758,850,0.5650002397046838,0.903529411764706,0.1583129584352078,0.9045401629802096,768,4131,777,82,7209,592,0.5468845091880455,0.9138513513513512,0.1340486625358924,0.945628997867804,541,5730,887,51
var157,Prothrombin G20210A,primary_complete_case,temporal_holdout,Logistic LASSO,93,27,0.5488215488215488,0.925925925925926,0.0909090909090909,0.75,25,60,6,2,423,27,0.5411054994388328,0.925925925925926,0.1186868686868686,0.9591836734693876,25,349,47,2
var157,Prothrombin G20210A,primary_complete_case,temporal_holdout,Automatic integer score,93,27,0.5479797979797979,0.925925925925926,0.0909090909090909,0.75,25,60,6,2,423,27,0.5411054994388328,0.925925925925926,0.1186868686868686,0.9591836734693876,25,349,47,2
var157,Prothrombin G20210A,primary_complete_case,nested_cv,XGBoost,5758,850,0.5734432379308692,0.903529411764706,0.1503667481662591,0.9,768,4170,738,82,7209,592,0.5583066395320816,0.9037162162162162,0.1601934411364666,0.9489704565801254,535,5557,1060,57
var157,Prothrombin G20210A,primary_complete_case,temporal_holdout,XGBoost,93,27,0.5325476992143658,0.925925925925926,0.0606060606060606,0.6666666666666666,25,62,4,2,423,27,0.5151515151515151,0.7777777777777778,0.1464646464646464,0.90625,21,338,58,6
var157,Prothrombin G20210A,sensitivity_native_missing,nested_cv,XGBoost,10134,1544,0.6892936041426649,0.9060880829015544,0.2924330616996508,0.9454271735039518,1399,6078,2512,145,21762,1544,0.6055405247312071,0.9125647668393784,0.2047185676130181,0.9684136640149744,1409,16079,4139,135
var157,Prothrombin G20210A,sensitivity_native_missing,temporal_holdout,XGBoost,222,58,0.5536690496215307,1.0,0.0121951219512195,1.0,58,162,2,0,1085,58,0.639861666051103,0.913793103448276,0.311587147030185,0.9846153846153848,53,707,320,5
var161,Registry-coded APS,primary_complete_case,nested_cv,Logistic LASSO,5866,851,0.6124927216001819,0.9071680376028202,0.1732801595214357,0.9166666666666666,772,4146,869,79,7209,636,0.5958623136195623,0.9135220125786164,0.1630914346569298,0.9511978704525288,581,5501,1072,55
var161,Registry-coded APS,primary_complete_case,nested_cv,Automatic integer score,5866,851,0.6124993995686268,0.9059929494712105,0.1742771684945164,0.9161425576519916,771,4141,874,80,7209,636,0.5949293947892416,0.910377358490566,0.1633957097215883,0.9496021220159152,579,5499,1074,57
var161,Registry-coded APS,primary_complete_case,temporal_holdout,Logistic LASSO,115,50,0.5666153846153846,0.94,0.0461538461538461,0.5,47,62,3,3,423,50,0.6062198391420911,0.94,0.1528150134048257,0.95,47,316,57,3
var161,Registry-coded APS,primary_complete_case,temporal_holdout,Automatic integer score,115,50,0.5616923076923077,0.94,0.0461538461538461,0.5,47,62,3,3,423,50,0.605254691689008,0.94,0.1528150134048257,0.95,47,316,57,3
var161,Registry-coded APS,primary_complete_case,nested_cv,XGBoost,5866,851,0.6016675004364112,0.91069330199765,0.171086739780658,0.9186295503211992,775,4157,858,76,7209,636,0.612083978004166,0.9198113207547168,0.1676555606268066,0.955767562879445,585,5471,1102,51
var161,Registry-coded APS,primary_complete_case,temporal_holdout,XGBoost,115,50,0.550923076923077,0.94,0.0615384615384615,0.5714285714285714,47,61,4,3,423,50,0.6076407506702413,0.94,0.1903485254691689,0.9594594594594594,47,302,71,3
var161,Registry-coded APS,sensitivity_native_missing,nested_cv,XGBoost,10417,1763,0.7419704736225374,0.9001701644923426,0.3481626993297897,0.9448102853559108,1587,5641,3013,176,21762,1763,0.6380790536974381,0.902439024390244,0.2001600080004,0.9588023952095808,1591,15996,4003,172
var161,Registry-coded APS,sensitivity_native_missing,temporal_holdout,XGBoost,268,122,0.6832191780821918,1.0,0.0,,122,146,0,0,1085,122,0.6694074187562773,0.9918032786885246,0.0373831775700934,0.972972972972973,121,927,36,1
var155,Protein S deficiency,primary_complete_case,nested_cv,Logistic LASSO,5723,384,0.5502466617500157,0.8802083333333334,0.1556471249297621,0.9475484606613456,338,4508,831,46,7209,261,0.5459593653566616,0.8314176245210728,0.2449625791594703,0.9747995418098512,217,5246,1702,44
var155,Protein S deficiency,primary_complete_case,nested_cv,Automatic integer score,5723,384,0.5526857206405694,0.8854166666666666,0.1487169882000374,0.9474940334128878,340,4545,794,44,7209,261,0.5463547491270676,0.8888888888888888,0.1489637305699482,0.9727443609022556,232,5913,1035,29
var155,Protein S deficiency,primary_complete_case,temporal_holdout,Logistic LASSO,102,15,0.5904214559386973,1.0,0.0919540229885057,1.0,15,79,8,0,423,15,0.5482026143790849,1.0,0.1053921568627451,1.0,15,365,43,0
var155,Protein S deficiency,primary_complete_case,temporal_holdout,Automatic integer score,102,15,0.5900383141762452,1.0,0.0919540229885057,1.0,15,79,8,0,423,15,0.5482026143790849,1.0,0.1053921568627451,1.0,15,365,43,0
var155,Protein S deficiency,primary_complete_case,nested_cv,XGBoost,5723,384,0.5662348013048636,0.8984375,0.1517138040831616,0.9540636042402828,345,4529,810,39,7209,261,0.55752447850149,0.9195402298850576,0.1201784686240644,0.9754672897196262,240,6113,835,21
var155,Protein S deficiency,primary_complete_case,temporal_holdout,XGBoost,102,15,0.557088122605364,1.0,0.1034482758620689,1.0,15,78,9,0,423,15,0.4738562091503268,0.8,0.1127450980392156,0.9387755102040816,12,362,46,3
var155,Protein S deficiency,sensitivity_native_missing,nested_cv,XGBoost,10065,725,0.6747413423909031,0.8993103448275862,0.2839400428265524,0.973211009174312,652,6688,2652,73,21762,725,0.6036446130217203,0.9075862068965516,0.1654228264486381,0.9811107978573442,658,17557,3480,67
var155,Protein S deficiency,sensitivity_native_missing,temporal_holdout,XGBoost,230,31,0.5834008753444643,1.0,0.0050251256281407,1.0,31,198,1,0,1085,31,0.5883883209891657,0.8387096774193549,0.2514231499051233,0.9814814814814816,26,789,265,5
var154,Protein C deficiency,primary_complete_case,nested_cv,Logistic LASSO,5711,180,0.5458968641394966,0.8944444444444445,0.1779063460495389,0.9810568295114656,161,4547,984,19,7209,120,0.5033273381294964,0.7333333333333333,0.2644942869234024,0.9832197168327216,88,5214,1875,32
var154,Protein C deficiency,primary_complete_case,nested_cv,Automatic integer score,5711,180,0.5489563872315635,0.9166666666666666,0.1629000180799132,0.9836244541484715,165,4630,901,15,7209,120,0.5021888371655616,0.8916666666666667,0.1124277048949076,0.9839506172839506,107,6292,797,13
var154,Protein C deficiency,primary_complete_case,temporal_holdout,Logistic LASSO,95,2,0.3978494623655914,1.0,0.043010752688172,1.0,2,89,4,0,423,2,0.5581947743467934,1.0,0.0285035629453681,1.0,2,409,12,0
var154,Protein C deficiency,primary_complete_case,temporal_holdout,Automatic integer score,95,2,0.3924731182795699,1.0,0.043010752688172,1.0,2,89,4,0,423,2,0.5617577197149645,1.0,0.0380047505938242,1.0,2,405,16,0
var154,Protein C deficiency,primary_complete_case,nested_cv,XGBoost,5711,180,0.586436047329195,0.9111111111111112,0.1977942505875971,0.9855855855855856,164,4437,1094,16,7209,120,0.5764817557718531,0.8916666666666667,0.1475525461983354,0.987724268177526,107,6043,1046,13
var154,Protein C deficiency,primary_complete_case,temporal_holdout,XGBoost,95,2,0.760752688172043,1.0,0.064516129032258,1.0,2,87,6,0,423,2,0.9014251781472684,1.0,0.1282660332541567,1.0,2,367,54,0
var154,Protein C deficiency,sensitivity_native_missing,nested_cv,XGBoost,10034,349,0.6488719891481377,0.8882521489971347,0.2401652039235932,0.983509513742072,310,7359,2326,39,21762,349,0.5575631090397513,0.9140401146131804,0.1162845000700509,0.988095238095238,319,18923,2490,30
var154,Protein C deficiency,sensitivity_native_missing,temporal_holdout,XGBoost,221,6,0.5162790697674419,1.0,0.0,,6,215,0,0,1085,6,0.6498300895891257,1.0,0.1306765523632993,1.0,6,938,141,0
var158,Antithrombin deficiency,primary_complete_case,nested_cv,Logistic LASSO,5742,127,0.5946571682991986,0.8661417322834646,0.1859305431878895,0.9839773798303488,110,4571,1044,17,7209,92,0.5489527524421013,0.8369565217391305,0.1978361669242658,0.9894588896697118,77,5709,1408,15
var158,Antithrombin deficiency,primary_complete_case,nested_cv,Automatic integer score,5742,127,0.5951879456741995,0.8740157480314961,0.1816562778272484,0.9845559845559846,111,4595,1020,16,7209,92,0.5585982124857201,0.9565217391304348,0.0557819305887312,0.9900249376558604,88,6720,397,4
var158,Antithrombin deficiency,primary_complete_case,temporal_holdout,Logistic LASSO,98,6,0.4239130434782608,0.8333333333333334,0.1195652173913043,0.9166666666666666,5,81,11,1,423,5,0.4366028708133971,0.2,0.5765550239234449,0.9836734693877552,1,177,241,4
var158,Antithrombin deficiency,primary_complete_case,temporal_holdout,Automatic integer score,98,6,0.4275362318840579,0.8333333333333334,0.1195652173913043,0.9166666666666666,5,81,11,1,423,5,0.4366028708133971,1.0,0.0,,5,418,0,0
var158,Antithrombin deficiency,primary_complete_case,nested_cv,XGBoost,5742,127,0.6542563858057369,0.889763779527559,0.2233303650934995,0.9889589905362776,113,4361,1254,14,7209,92,0.6185724932952942,0.9021739130434784,0.1948854854573556,0.9935530085959884,83,5730,1387,9
var158,Antithrombin deficiency,primary_complete_case,temporal_holdout,XGBoost,98,6,0.4130434782608695,1.0,0.1195652173913043,1.0,6,81,11,0,423,5,0.3476076555023923,0.6,0.2751196172248804,0.9829059829059827,3,303,115,2
var158,Antithrombin deficiency,sensitivity_native_missing,nested_cv,XGBoost,10085,244,0.6787669852290767,0.9016393442622952,0.2585103139924804,0.9906542056074766,220,7297,2544,24,21762,244,0.5830434184723732,0.8770491803278688,0.1847755367599219,0.9925112331502746,214,17542,3976,30
var158,Antithrombin deficiency,sensitivity_native_missing,temporal_holdout,XGBoost,228,15,0.5386541471048515,1.0,0.0,,15,213,0,0,1085,15,0.5884735202492212,0.9333333333333332,0.0747663551401869,0.9876543209876544,14,990,80,1
andujak2,JAK2 mutation,primary_complete_case,nested_cv,Logistic LASSO,648,15,0.6878883622959453,0.7333333333333333,0.1832543443917851,0.9666666666666668,11,517,116,4,648,15,0.6878883622959453,0.7333333333333333,0.1832543443917851,0.9666666666666668,11,517,116,4
andujak2,JAK2 mutation,primary_complete_case,nested_cv,Automatic integer score,648,15,0.6789362822538179,0.8666666666666667,0.0774091627172195,0.9607843137254902,13,584,49,2,648,15,0.6789362822538179,0.8666666666666667,0.0774091627172195,0.9607843137254902,13,584,49,2
andujak2,JAK2 mutation,primary_complete_case,temporal_holdout,Logistic LASSO,54,6,0.8194444444444445,0.8333333333333334,0.1041666666666666,0.8333333333333334,5,43,5,1,54,6,0.8194444444444445,0.8333333333333334,0.1041666666666666,0.8333333333333334,5,43,5,1
andujak2,JAK2 mutation,primary_complete_case,temporal_holdout,Automatic integer score,54,6,0.8194444444444445,0.8333333333333334,0.1041666666666666,0.8333333333333334,5,43,5,1,54,6,0.8194444444444445,0.8333333333333334,0.1041666666666666,0.8333333333333334,5,43,5,1
andujak2,JAK2 mutation,primary_complete_case,nested_cv,XGBoost,648,15,0.7002106371774618,0.9333333333333332,0.2954186413902053,0.9946808510638298,14,446,187,1,648,15,0.7002106371774618,0.9333333333333332,0.2954186413902053,0.9946808510638298,14,446,187,1
andujak2,JAK2 mutation,primary_complete_case,temporal_holdout,XGBoost,54,6,0.796875,0.8333333333333334,0.6666666666666666,0.9696969696969696,5,16,32,1,54,6,0.796875,0.8333333333333334,0.6666666666666666,0.9696969696969696,5,16,32,1
andujak2,JAK2 mutation,sensitivity_native_missing,nested_cv,XGBoost,2098,51,0.8066563215418068,0.9019607843137256,0.3302393746946751,0.9926578560939796,46,1371,676,5,2098,51,0.8066563215418068,0.9019607843137256,0.3302393746946751,0.9926578560939796,46,1371,676,5
andujak2,JAK2 mutation,sensitivity_native_missing,temporal_holdout,XGBoost,141,10,0.832824427480916,0.9,0.2671755725190839,0.9722222222222222,9,96,35,1,141,10,0.832824427480916,0.9,0.2671755725190839,0.9722222222222222,9,96,35,1
