Outcome,Model,Predicted_Probability,Observed_Frequency,Absolute_Error
Protein C deficiency,Automatic Integer Score,3.9071792318336034e-06,0.0,3.9071792318336034e-06
Protein C deficiency,Automatic Integer Score,2.1361339358811242e-05,0.0,2.1361339358811242e-05
Protein C deficiency,Automatic Integer Score,5.303038576151888e-05,0.0,5.303038576151888e-05
Protein C deficiency,Automatic Integer Score,0.0001054947084557408,0.00032216494845360824,0.00021667023999786744
Protein C deficiency,Automatic Integer Score,0.0001977539369410801,0.0003222687721559781,0.00012451483521489802
Protein C deficiency,Automatic Integer Score,0.00038395432926439525,0.00032216494845360824,6.178938081078701e-05
Protein C deficiency,Automatic Integer Score,0.0008842238360102959,0.0012890750886239124,0.00040485125261361657
Protein C deficiency,Automatic Integer Score,0.006504593187160526,0.006121134020618557,0.0003834591665419695
Protein C deficiency,Automatic Integer Score,0.22477422861514962,0.026748308088946182,0.19802592052620344
Protein C deficiency,Automatic Integer Score,0.8030764061609945,0.07957474226804123,0.7235016638929532
Protein C deficiency,Association-Guided Integer Score,0.19717755805060885,0.007031000319590924,0.19014655773101793
Protein C deficiency,Association-Guided Integer Score,0.2594801415991073,0.0031959092361776927,0.25628423236292963
Protein C deficiency,Association-Guided Integer Score,0.3068803743177713,0.004640371229698376,0.302240003088073
Protein C deficiency,Association-Guided Integer Score,0.34303329346208333,0.0061468780329990294,0.3368864154290843
Protein C deficiency,Association-Guided Integer Score,0.382342637861299,0.005415162454873646,0.37692747540642535
Protein C deficiency,Association-Guided Integer Score,0.4574024531399966,0.010220376876397317,0.4471820762635993
Protein C deficiency,Association-Guided Integer Score,0.5463882332974266,0.014290152221186705,0.5320980810762399
Protein C deficiency,Association-Guided Integer Score,0.5951441443936396,0.012535255405828893,0.5826088889878107
Protein C deficiency,Association-Guided Integer Score,0.6518265918035658,0.02685512367491166,0.6249714681286542
Protein C deficiency,Association-Guided Integer Score,0.7154868441187474,0.025823111684958037,0.6896637324337894
Protein C deficiency,Logistic Probability Benchmark,3.9071792318336034e-06,0.0,3.9071792318336034e-06
Protein C deficiency,Logistic Probability Benchmark,2.1361339358811242e-05,0.0,2.1361339358811242e-05
Protein C deficiency,Logistic Probability Benchmark,5.303038576151888e-05,0.0,5.303038576151888e-05
Protein C deficiency,Logistic Probability Benchmark,0.0001054947084557408,0.00032216494845360824,0.00021667023999786744
Protein C deficiency,Logistic Probability Benchmark,0.0001977539369410801,0.0003222687721559781,0.00012451483521489802
Protein C deficiency,Logistic Probability Benchmark,0.00038395432926439525,0.00032216494845360824,6.178938081078701e-05
Protein C deficiency,Logistic Probability Benchmark,0.0008842238360102959,0.0012890750886239124,0.00040485125261361657
Protein C deficiency,Logistic Probability Benchmark,0.006504593187160526,0.006121134020618557,0.0003834591665419695
Protein C deficiency,Logistic Probability Benchmark,0.22477422861514962,0.026748308088946182,0.19802592052620344
Protein C deficiency,Logistic Probability Benchmark,0.8030764061609945,0.07957474226804123,0.7235016638929532
Protein S deficiency,Automatic Integer Score,2.2802894332341537e-05,0.0,2.2802894332341537e-05
Protein S deficiency,Automatic Integer Score,6.969923697694296e-05,0.0006435006435006435,0.0005738014065237005
Protein S deficiency,Automatic Integer Score,0.0001264535008661731,0.0,0.0001264535008661731
Protein S deficiency,Automatic Integer Score,0.00020212123296749852,0.0,0.00020212123296749852
Protein S deficiency,Automatic Integer Score,0.0003150891471692669,0.000643707756678468,0.0003286186095092011
Protein S deficiency,Automatic Integer Score,0.0005110445900608312,0.0,0.0005110445900608312
Protein S deficiency,Automatic Integer Score,0.001008402591513368,0.000321853878339234,0.000686548713174134
Protein S deficiency,Automatic Integer Score,0.014089122772663316,0.008043758043758044,0.006045364728905272
Protein S deficiency,Automatic Integer Score,0.33400648197587024,0.04055358867074348,0.29345289330512675
Protein S deficiency,Automatic Integer Score,0.8340837902015863,0.19337194337194338,0.6407118468296429
Protein S deficiency,Association-Guided Integer Score,0.22359157241744593,0.010429835651074588,0.21316173676637135
Protein S deficiency,Association-Guided Integer Score,0.30698753072776674,0.015832805573147563,0.29115472515461915
Protein S deficiency,Association-Guided Integer Score,0.33423711396630373,0.01120632827949901,0.3230307856868047
Protein S deficiency,Association-Guided Integer Score,0.35426818768401336,0.012987012987012988,0.34128117469700037
Protein S deficiency,Association-Guided Integer Score,0.37477367975418063,0.009957754978877489,0.36481592477530317
Protein S deficiency,Association-Guided Integer Score,0.43463593297194747,0.017723039951937518,0.41691289302000994
Protein S deficiency,Association-Guided Integer Score,0.508297213398144,0.02697495183044316,0.48132226156770086
Protein S deficiency,Association-Guided Integer Score,0.5482724537329327,0.02358667165855485,0.5246857820743778
Protein S deficiency,Association-Guided Integer Score,0.6791217903216354,0.04988193624557261,0.6292398540760629
Protein S deficiency,Association-Guided Integer Score,0.7233706949264321,0.0679886685552408,0.6553820263711914
Protein S deficiency,Logistic Probability Benchmark,2.2802894332341537e-05,0.0,2.2802894332341537e-05
Protein S deficiency,Logistic Probability Benchmark,6.969923697694296e-05,0.0006435006435006435,0.0005738014065237005
Protein S deficiency,Logistic Probability Benchmark,0.0001264535008661731,0.0,0.0001264535008661731
Protein S deficiency,Logistic Probability Benchmark,0.00020212123296749852,0.0,0.00020212123296749852
Protein S deficiency,Logistic Probability Benchmark,0.0003150891471692669,0.000643707756678468,0.0003286186095092011
Protein S deficiency,Logistic Probability Benchmark,0.0005110445900608312,0.0,0.0005110445900608312
Protein S deficiency,Logistic Probability Benchmark,0.001008402591513368,0.000321853878339234,0.000686548713174134
Protein S deficiency,Logistic Probability Benchmark,0.014089122772663316,0.008043758043758044,0.006045364728905272
Protein S deficiency,Logistic Probability Benchmark,0.33400648197587024,0.04055358867074348,0.29345289330512675
Protein S deficiency,Logistic Probability Benchmark,0.8340837902015863,0.19337194337194338,0.6407118468296429
Factor V Leiden,Automatic Integer Score,3.702354878298536e-05,0.0,3.702354878298536e-05
Factor V Leiden,Automatic Integer Score,9.587357595350442e-05,0.0003184713375796178,0.0002225977616261134
Factor V Leiden,Automatic Integer Score,0.00016239972342401479,0.0,0.00016239972342401479
Factor V Leiden,Automatic Integer Score,0.0002478895558728278,0.0,0.0002478895558728278
Factor V Leiden,Automatic Integer Score,0.00036805247035608357,0.0,0.00036805247035608357
Factor V Leiden,Automatic Integer Score,0.0005634141927509555,0.0,0.0005634141927509555
Factor V Leiden,Automatic Integer Score,0.0010083634086990973,0.0,0.0010083634086990973
Factor V Leiden,Automatic Integer Score,0.02048804201491526,0.008917197452229299,0.011570844562685962
Factor V Leiden,Automatic Integer Score,0.3465593402387588,0.05764331210191083,0.28891602813684797
Factor V Leiden,Automatic Integer Score,0.9057677628022675,0.5853503184713376,0.3204174443309299
Factor V Leiden,Association-Guided Integer Score,0.11186735291563865,0.013257575757575758,0.09860977715806289
Factor V Leiden,Association-Guided Integer Score,0.18232202771183142,0.01665065642010887,0.16567137129172255
Factor V Leiden,Association-Guided Integer Score,0.22547840137986183,0.014354066985645933,0.2111243343942159
Factor V Leiden,Association-Guided Integer Score,0.2953116588308587,0.028321783669780054,0.26698987516107864
Factor V Leiden,Association-Guided Integer Score,0.3196762327492121,0.029111179931867452,0.2905650528173446
Factor V Leiden,Association-Guided Integer Score,0.3997650637161826,0.04153686396677051,0.35822819974941206
Factor V Leiden,Association-Guided Integer Score,0.5490478686264193,0.07548291233283803,0.47356495629358125
Factor V Leiden,Association-Guided Integer Score,0.6198937188716186,0.11226742352570167,0.507626295345917
Factor V Leiden,Association-Guided Integer Score,0.6899465102669744,0.1471256901591426,0.5428208201078318
Factor V Leiden,Association-Guided Integer Score,0.7720855743443255,0.1841834988017802,0.5879020755425453
Factor V Leiden,Logistic Probability Benchmark,3.702354878298536e-05,0.0,3.702354878298536e-05
Factor V Leiden,Logistic Probability Benchmark,9.587357595350442e-05,0.0003184713375796178,0.0002225977616261134
Factor V Leiden,Logistic Probability Benchmark,0.00016239972342401479,0.0,0.00016239972342401479
Factor V Leiden,Logistic Probability Benchmark,0.0002478895558728278,0.0,0.0002478895558728278
Factor V Leiden,Logistic Probability Benchmark,0.00036805247035608357,0.0,0.00036805247035608357
Factor V Leiden,Logistic Probability Benchmark,0.0005634141927509555,0.0,0.0005634141927509555
Factor V Leiden,Logistic Probability Benchmark,0.0010083634086990973,0.0,0.0010083634086990973
Factor V Leiden,Logistic Probability Benchmark,0.02048804201491526,0.008917197452229299,0.011570844562685962
Factor V Leiden,Logistic Probability Benchmark,0.3465593402387588,0.05764331210191083,0.28891602813684797
Factor V Leiden,Logistic Probability Benchmark,0.9057677628022675,0.5853503184713376,0.3204174443309299
Prothrombin G20210A,Automatic Integer Score,4.5568242556639075e-05,0.0,4.5568242556639075e-05
Prothrombin G20210A,Automatic Integer Score,0.00011168081468545326,0.0,0.00011168081468545326
Prothrombin G20210A,Automatic Integer Score,0.0001806031437453079,0.0,0.0001806031437453079
Prothrombin G20210A,Automatic Integer Score,0.00026517031995508853,0.0,0.00026517031995508853
Prothrombin G20210A,Automatic Integer Score,0.0003814778758477582,0.0003211303789338471,6.03474969139111e-05
Prothrombin G20210A,Automatic Integer Score,0.0005721124616217732,0.0,0.0005721124616217732
Prothrombin G20210A,Automatic Integer Score,0.000993708415253087,0.0003211303789338471,0.0006725780363192398
Prothrombin G20210A,Automatic Integer Score,0.015838397659978732,0.006745904272406039,0.009092493387572693
Prothrombin G20210A,Automatic Integer Score,0.32901784586061333,0.046242774566473986,0.28277507129413937
Prothrombin G20210A,Automatic Integer Score,0.8838645761379638,0.46082209377007066,0.4230424823678931
Prothrombin G20210A,Logistic Probability Benchmark,4.5568242556639075e-05,0.0,4.5568242556639075e-05
Prothrombin G20210A,Logistic Probability Benchmark,0.00011168081468545326,0.0,0.00011168081468545326
Prothrombin G20210A,Logistic Probability Benchmark,0.0001806031437453079,0.0,0.0001806031437453079
Prothrombin G20210A,Logistic Probability Benchmark,0.00026517031995508853,0.0,0.00026517031995508853
Prothrombin G20210A,Logistic Probability Benchmark,0.0003814778758477582,0.0003211303789338471,6.03474969139111e-05
Prothrombin G20210A,Logistic Probability Benchmark,0.0005721124616217732,0.0,0.0005721124616217732
Prothrombin G20210A,Logistic Probability Benchmark,0.000993708415253087,0.0003211303789338471,0.0006725780363192398
Prothrombin G20210A,Logistic Probability Benchmark,0.015838397659978732,0.006745904272406039,0.009092493387572693
Prothrombin G20210A,Logistic Probability Benchmark,0.32901784586061333,0.046242774566473986,0.28277507129413937
Prothrombin G20210A,Logistic Probability Benchmark,0.8838645761379638,0.46082209377007066,0.4230424823678931
Antiphospholipid syndrome,Automatic Integer Score,7.922450035722545e-05,0.0,7.922450035722545e-05
Antiphospholipid syndrome,Automatic Integer Score,0.0001551371609565889,0.0,0.0001551371609565889
Antiphospholipid syndrome,Automatic Integer Score,0.00022293021639761514,0.0,0.00022293021639761514
Antiphospholipid syndrome,Automatic Integer Score,0.00029964117779689685,0.0,0.00029964117779689685
Antiphospholipid syndrome,Automatic Integer Score,0.00040342872080385183,0.0,0.00040342872080385183
Antiphospholipid syndrome,Automatic Integer Score,0.0005809048669632635,0.00031776294884016526,0.0002631419181230982
Antiphospholipid syndrome,Automatic Integer Score,0.0010270702783178919,0.0,0.0010270702783178919
Antiphospholipid syndrome,Automatic Integer Score,0.06893947719649146,0.02732761360025421,0.04161186359623725
Antiphospholipid syndrome,Automatic Integer Score,0.5404546279063295,0.08071178900540198,0.4597428389009275
Antiphospholipid syndrome,Automatic Integer Score,0.9025457032714856,0.4979345408325389,0.40461116243894674
Antiphospholipid syndrome,Association-Guided Integer Score,0.15803633061656944,0.016244923461418308,0.14179140715515112
Antiphospholipid syndrome,Association-Guided Integer Score,0.2500300752192558,0.019613947696139476,0.23041612752311633
Antiphospholipid syndrome,Association-Guided Integer Score,0.3020722853721512,0.022943297279580464,0.27912898809257075
Antiphospholipid syndrome,Association-Guided Integer Score,0.35819661044313683,0.02812006319115324,0.3300765472519836
Antiphospholipid syndrome,Association-Guided Integer Score,0.39390955244950454,0.042435424354243544,0.351474128095261
Antiphospholipid syndrome,Association-Guided Integer Score,0.43200432052089693,0.04862719153159113,0.3833771289893058
Antiphospholipid syndrome,Association-Guided Integer Score,0.5613662686690987,0.09410288582183186,0.4672633828472668
Antiphospholipid syndrome,Association-Guided Integer Score,0.6289860207958662,0.1021984551396316,0.5267875656562346
Antiphospholipid syndrome,Association-Guided Integer Score,0.6654418836721279,0.09815756035578145,0.5672843233163464
Antiphospholipid syndrome,Association-Guided Integer Score,0.7158404282642076,0.1382198952879581,0.5776205329762495
Antiphospholipid syndrome,Logistic Probability Benchmark,7.922450035722545e-05,0.0,7.922450035722545e-05
Antiphospholipid syndrome,Logistic Probability Benchmark,0.0001551371609565889,0.0,0.0001551371609565889
Antiphospholipid syndrome,Logistic Probability Benchmark,0.00022293021639761514,0.0,0.00022293021639761514
Antiphospholipid syndrome,Logistic Probability Benchmark,0.00029964117779689685,0.0,0.00029964117779689685
Antiphospholipid syndrome,Logistic Probability Benchmark,0.00040342872080385183,0.0,0.00040342872080385183
Antiphospholipid syndrome,Logistic Probability Benchmark,0.0005809048669632635,0.00031776294884016526,0.0002631419181230982
Antiphospholipid syndrome,Logistic Probability Benchmark,0.0010270702783178919,0.0,0.0010270702783178919
Antiphospholipid syndrome,Logistic Probability Benchmark,0.06893947719649146,0.02732761360025421,0.04161186359623725
Antiphospholipid syndrome,Logistic Probability Benchmark,0.5404546279063295,0.08071178900540198,0.4597428389009275
Antiphospholipid syndrome,Logistic Probability Benchmark,0.9025457032714856,0.4979345408325389,0.40461116243894674
